signal_date,1위,2위,3위,selected_count,plus_touch_count,green_count,yellow_count,orange_count,red_count,gray_count,red_fast_count,confirmed_count,profit_before_minus2_count,success_broad_count,avg_d1_return_at_cutoff,avg_ret_d1_close,avg_d1_high_until_cutoff,avg_d1_low_until_cutoff,pending_count,plus_touch_rate_pct,profit_before_minus2_rate_pct,success_broad_rate_pct,traffic_preference_bucket
2026-05-28,⚪ 제주반도체(080220),⚪ 대한광통신(010170),⚪ SK네트웍스(001740),3,0,0,0,0,0,3,0,0,0,0,,,,,3,0.0,0.0,0.0,E_NO_1P3_REACH_AVOID
2026-05-27,🟠 제주반도체(080220),🟠 대한광통신(010170),🟠 미래에셋벤처투자(100790),3,2,0,0,3,0,0,0,3,0,3,-7.404954778475466,,2.3053871318568766,-11.181254708161466,0,66.66666666666666,0.0,100.0,C_REACHED_BUT_VOLATILE
2026-05-26,🟡 제주반도체(080220),🟡 미래에셋벤처투자(100790),🟠 현대무벡스(319400),3,3,0,2,1,0,0,0,3,2,3,-6.406529285745414,,2.9477245531513545,-8.56298828222702,0,100.0,66.66666666666666,100.0,B_PROFIT_FIRST_PREFERRED
2026-05-22,🟡 대한전선(001440),🟡 제주반도체(080220),🟢 미래에셋벤처투자(100790),3,3,1,2,0,0,0,0,3,3,3,1.287344452238063,,8.917010885095992,-2.88117320032214,0,100.0,100.0,100.0,B_PROFIT_FIRST_PREFERRED
2026-05-21,🟢 미래에셋증권(006800),🟡 대한전선(001440),🟢 삼성E&A(028050),3,3,2,1,0,0,0,0,3,3,3,0.527346582343402,,4.063138462704652,-0.5504482381925913,0,100.0,100.0,100.0,A_CLEAN_PREFERRED
2026-05-20,🟢 미래에셋증권(006800),🟢 대한전선(001440),🟢 삼성E&A(028050),3,3,3,0,0,0,0,0,3,3,3,8.483336527370641,,9.672026655817575,3.817040801988673,0,100.0,100.0,100.0,A_CLEAN_PREFERRED
2026-05-19,⚪ 미래에셋증권(006800),⚪ 대한전선(001440),⚪ 삼성E&A(028050),3,0,0,0,0,0,3,0,3,0,0,,,,,0,0.0,0.0,0.0,E_NO_1P3_REACH_AVOID
2026-05-18,🟠 대한광통신(010170),🔴 미래에셋증권(006800),🔴 대한전선(001440),3,1,0,0,1,2,0,2,3,0,1,-6.408900855502161,-7.083595724562475,1.2892546690046987,-8.288292080881,0,33.33333333333333,0.0,33.33333333333333,D_ONE_REACH_CAUTION
2026-05-15,🟠 대한광통신(010170),🟢 미래에셋증권(006800),🟠 대한전선(001440),3,2,1,0,2,0,0,0,3,1,3,2.3904244994327937,2.2810410568824673,6.606398860967921,-5.9929527511670715,0,66.66666666666666,33.33333333333333,100.0,C_REACHED_BUT_VOLATILE
2026-05-14,🟡 대한광통신(010170),🟡 미래에셋증권(006800),🔴 대한전선(001440),3,2,0,2,0,1,0,1,3,2,2,-8.62842168675944,-5.968703791535309,2.99237363357275,-8.679157353933464,0,66.66666666666666,66.66666666666666,66.66666666666666,C_REACHED_BUT_VOLATILE
2026-05-13,🟡 대한광통신(010170),🟢 대한전선(001440),🟡 한온시스템(018880),3,3,1,2,0,0,0,0,3,3,3,-1.0493411437228077,-0.5217864980294825,5.4443336107666385,-5.2581366748943426,0,100.0,100.0,100.0,B_PROFIT_FIRST_PREFERRED
2026-05-12,🔴 대한광통신(010170),🟠 대한전선(001440),🟠 한온시스템(018880),3,2,0,0,2,1,0,1,3,0,2,-5.51743572430932,-5.755396975968722,0.009894210952225238,-7.6689777975512285,0,66.66666666666666,0.0,66.66666666666666,C_REACHED_BUT_VOLATILE
2026-05-11,⚪ 미래에셋증권(006800),🟡 대한광통신(010170),🟠 대한전선(001440),3,1,0,1,1,0,1,0,3,1,2,-0.531067034639293,-1.8628986872170186,7.941115782414688,-12.42662041216373,0,33.33333333333333,33.33333333333333,66.66666666666666,D_ONE_REACH_CAUTION
2026-05-08,🟡 대한전선(001440),🟢 대한광통신(010170),🟢 미래에셋증권(006800),3,3,2,1,0,0,0,0,3,3,3,6.8691631191631215,7.4550495660909695,13.454786807986308,-0.6388725648449648,0,100.0,100.0,100.0,A_CLEAN_PREFERRED
2026-05-07,🟡 대한전선(001440),🟠 미래에셋증권(006800),🟠 제주반도체(080220),3,2,0,1,2,0,0,0,3,1,3,4.049641215323333,3.8683912308450363,7.189867262412766,-3.4403238363776754,0,66.66666666666666,33.33333333333333,100.0,C_REACHED_BUT_VOLATILE
2026-05-06,🟢 대우건설(047040),🟢 대한광통신(010170),🟠 대한전선(001440),3,2,2,0,1,0,0,0,3,2,3,4.241501511703331,5.096745617175047,12.453255727583802,-2.4045199694472754,0,66.66666666666666,66.66666666666666,100.0,A_CLEAN_PREFERRED
2026-05-04,🟠 대우건설(047040),🟢 대한전선(001440),🟢 대원전선(006340),3,3,2,0,1,0,0,0,3,2,3,6.621363930553436,6.414788744163051,14.977740564045726,-3.031248804766077,0,100.0,66.66666666666666,100.0,A_CLEAN_PREFERRED
2026-04-30,🔴 대우건설(047040),🟢 대한전선(001440),🟢 대원전선(006340),3,2,2,0,0,1,0,1,3,2,2,2.8491905078615765,3.2104710201031152,10.29916655423227,-3.0441679021148027,0,66.66666666666666,66.66666666666666,66.66666666666666,C_REACHED_BUT_VOLATILE
2026-04-29,🔴 대우건설(047040),🟢 대한광통신(010170),🟠 대한전선(001440),3,2,1,0,1,1,0,1,3,1,2,1.9309635917360124,1.124064463919065,6.847309557339254,-3.917428863659689,0,66.66666666666666,33.33333333333333,66.66666666666666,C_REACHED_BUT_VOLATILE
2026-04-28,🟠 대한광통신(010170),🟢 대한전선(001440),🟠 제주반도체(080220),3,2,1,0,2,0,0,0,3,1,3,3.54088752087226,2.8828086131673794,6.449013383851162,-3.4566937541923117,0,66.66666666666666,33.33333333333333,100.0,C_REACHED_BUT_VOLATILE
2026-04-27,🟠 고영(098460),🟡 대우건설(047040),🔴 제주반도체(080220),3,1,0,1,1,1,0,1,3,1,2,-0.4250414235285677,-0.7783446464484808,7.538424779434306,-6.448078128071141,0,33.33333333333333,33.33333333333333,66.66666666666666,D_ONE_REACH_CAUTION
2026-04-24,🟡 대우건설(047040),🟢 대원전선(006340),🔴 삼성중공업(010140),3,2,1,1,0,1,0,1,3,2,2,3.497915787238274,4.067916978718308,8.12041296730556,-1.1898488637394882,0,66.66666666666666,66.66666666666666,66.66666666666666,C_REACHED_BUT_VOLATILE
2026-04-23,🟡 대우건설(047040),🟠 우리기술(032820),🟡 광전자(017900),3,2,0,2,1,0,0,0,3,2,3,-1.4576226477883036,-1.7985024788149007,4.093075433713859,-3.6215403015718426,0,66.66666666666666,66.66666666666666,100.0,B_PROFIT_FIRST_PREFERRED
2026-04-22,🟢 대우건설(047040),🟠 미래에셋벤처투자(100790),🟢 우리기술(032820),3,3,2,0,1,0,0,0,3,2,3,4.340579174570847,3.515889114266391,11.243782728783266,-1.6106051522940608,0,100.0,66.66666666666666,100.0,A_CLEAN_PREFERRED
2026-04-21,🟢 미래에셋벤처투자(100790),🔴 우리기술(032820),🟠 광전자(017900),3,2,1,0,1,1,0,1,3,1,2,4.870210337991735,4.7013644139521285,12.146880039578122,-3.806260893379624,0,66.66666666666666,33.33333333333333,66.66666666666666,C_REACHED_BUT_VOLATILE
2026-04-20,🟡 미래에셋벤처투자(100790),🟡 우리기술(032820),🟡 광전자(017900),3,3,0,3,0,0,0,0,3,3,3,-0.6051633468047933,-0.4503127430758426,5.549336343691398,-5.907241785731213,0,100.0,100.0,100.0,B_PROFIT_FIRST_PREFERRED
2026-04-17,🟠 대우건설(047040),🟡 대한광통신(010170),🟢 우리기술(032820),3,2,1,1,1,0,0,0,3,2,3,-2.9096237563013716,-1.915776312938755,3.4262033644544645,-4.613650396848797,0,66.66666666666666,66.66666666666666,100.0,B_PROFIT_FIRST_PREFERRED
2026-04-16,🟠 대우건설(047040),🟠 대한전선(001440),🟡 대한광통신(010170),3,2,0,1,2,0,0,0,3,1,3,-0.8666955739162209,-1.7148652463007972,5.092935773471985,-5.397623397962008,0,66.66666666666666,33.33333333333333,100.0,C_REACHED_BUT_VOLATILE
2026-04-15,🟡 대우건설(047040),🟠 대한광통신(010170),🟢 우리기술(032820),3,2,1,1,1,0,0,0,3,2,3,-5.057676085714206,-5.62791808161932,6.280465303002799,-10.070329023325408,0,66.66666666666666,66.66666666666666,100.0,B_PROFIT_FIRST_PREFERRED
2026-04-14,🟢 대우건설(047040),🟡 대한광통신(010170),🟢 우리기술(032820),3,3,2,1,0,0,0,0,3,3,3,7.690903762708028,7.94590801068158,13.124096988921488,-0.711506012191602,0,100.0,100.0,100.0,A_CLEAN_PREFERRED
2026-04-13,🟡 대한광통신(010170),🟡 대우건설(047040),🟡 우리기술(032820),3,3,0,3,0,0,0,0,3,3,3,0.12264347380493608,0.38451243100868043,6.4215102426826185,-4.765898143134028,0,100.0,100.0,100.0,B_PROFIT_FIRST_PREFERRED
2026-04-10,🟠 대우건설(047040),🟢 대한광통신(010170),🟠 우리기술(032820),3,3,1,0,2,0,0,0,3,1,3,1.6210635712882502,2.056696186729305,7.4123560086454034,-4.128229911660855,0,100.0,33.33333333333333,100.0,C_REACHED_BUT_VOLATILE
2026-04-09,🟢 대우건설(047040),🟢 대한광통신(010170),🟡 우리기술(032820),3,3,2,1,0,0,0,0,3,3,3,9.710618160761515,8.321866445472692,14.812459141863414,-0.8934518810275405,0,100.0,100.0,100.0,A_CLEAN_PREFERRED
2026-04-08,🟠 대한광통신(010170),🟢 SK이터닉스(475150),🟠 미래에셋벤처투자(100790),3,2,1,0,2,0,0,0,3,1,3,-0.6729801116163281,-0.5812080810899678,3.515775780808017,-2.431208682171319,0,66.66666666666666,33.33333333333333,100.0,C_REACHED_BUT_VOLATILE
2026-04-07,🔴 흥아해운(003280),🟢 대한광통신(010170),🟠 SK이터닉스(475150),3,1,1,0,1,1,0,1,3,1,2,-3.167476977933969,-2.3619868087419924,3.016307514254509,-9.836338002498083,0,33.33333333333333,33.33333333333333,66.66666666666666,D_ONE_REACH_CAUTION
2026-04-06,🟠 흥아해운(003280),🟡 대한광통신(010170),🟠 SK이터닉스(475150),3,2,0,1,2,0,0,0,3,1,3,-3.530855887244629,-3.860954134546324,4.020870809894039,-7.528816649511357,0,66.66666666666666,33.33333333333333,100.0,C_REACHED_BUT_VOLATILE
2026-04-03,🟢 대우건설(047040),🟡 흥아해운(003280),🟡 대한광통신(010170),3,3,1,2,0,0,0,0,3,3,3,-0.26212739934110907,0.11337012957122965,8.66307158873886,-3.4222791027993154,0,100.0,100.0,100.0,B_PROFIT_FIRST_PREFERRED
2026-04-02,🟢 대우건설(047040),🔴 흥아해운(003280),🟢 미래에셋벤처투자(100790),3,2,2,0,0,1,0,1,3,2,2,-0.07444364189115345,-1.0274154495631886,7.902109397251908,-3.889307339487184,0,66.66666666666666,66.66666666666666,66.66666666666666,C_REACHED_BUT_VOLATILE
2026-04-01,🟠 흥아해운(003280),🟠 쏠리드(050890),🟡 미래에셋벤처투자(100790),3,3,0,1,2,0,0,0,3,1,3,6.523868371875596,4.419332000731572,15.53074182126563,-5.074705255338992,0,100.0,33.33333333333333,100.0,C_REACHED_BUT_VOLATILE
2026-03-31,🟢 쏠리드(050890),🟢 미래에셋벤처투자(100790),🟡 한화솔루션(009830),3,3,2,1,0,0,0,0,3,3,3,7.071752573483145,6.95797355003327,11.80544442926527,0.636627754103151,0,100.0,100.0,100.0,A_CLEAN_PREFERRED
2026-03-30,🟡 대우건설(047040),🟡 쏠리드(050890),🟠 미래에셋벤처투자(100790),3,2,0,2,1,0,0,0,3,2,3,-8.101663241631835,-8.997091849697489,1.9423782918244352,-9.591052847776242,0,66.66666666666666,66.66666666666666,100.0,B_PROFIT_FIRST_PREFERRED
2026-03-27,🔴 쏠리드(050890),🟠 한화솔루션(009830),🟢 흥아해운(003280),3,2,1,0,1,1,0,1,3,1,2,0.8613976267516884,0.5745870601093328,6.56655069708355,-4.189174478933773,0,66.66666666666666,33.33333333333333,66.66666666666666,C_REACHED_BUT_VOLATILE
2026-03-26,🟠 삼표시멘트(038500),🟠 쏠리드(050890),🔴 한화솔루션(009830),3,2,0,0,2,1,0,1,3,0,2,-3.2581143214993578,-2.478155648133192,2.4634904820820536,-6.281871684901367,0,66.66666666666666,0.0,66.66666666666666,C_REACHED_BUT_VOLATILE
2026-03-25,🟡 대우건설(047040),🟡 삼표시멘트(038500),🟡 미래에셋증권(006800),3,3,0,3,0,0,0,0,3,3,3,-2.0105312634717856,-1.9579875514437959,2.606104106760491,-4.002101414913721,0,100.0,100.0,100.0,B_PROFIT_FIRST_PREFERRED
2026-03-24,🟡 우리기술(032820),🟢 대우건설(047040),🟡 SK증권(001510),3,3,1,2,0,0,0,0,3,3,3,-4.0657918679826635,-3.5683575798123797,5.192235140424498,-6.922546589100953,0,100.0,100.0,100.0,B_PROFIT_FIRST_PREFERRED
2026-03-23,🟡 우리기술(032820),🟡 대우건설(047040),🟡 SK증권(001510),3,3,0,3,0,0,0,0,3,3,3,-2.4744537303817205,-2.092014355502044,10.31408280139595,-6.518188287751603,0,100.0,100.0,100.0,B_PROFIT_FIRST_PREFERRED
2026-03-20,🟠 우리기술(032820),🟡 대우건설(047040),🔴 삼표시멘트(038500),3,2,0,1,1,1,0,1,3,1,2,-7.222200015967712,-8.773991649021658,2.4648372562751986,-8.860754908629831,0,66.66666666666666,33.33333333333333,66.66666666666666,C_REACHED_BUT_VOLATILE
2026-03-19,🟡 우리기술(032820),🟢 대우건설(047040),🟠 흥아해운(003280),3,2,1,1,1,0,0,0,3,2,3,4.782311937508968,5.015870654335238,8.713056032330702,-2.6369828197429315,0,66.66666666666666,66.66666666666666,100.0,B_PROFIT_FIRST_PREFERRED
2026-03-18,🟢 흥아해운(003280),🔴 삼표시멘트(038500),🔴 테크윙(089030),3,1,1,0,0,2,0,2,3,1,1,-0.8665935261650937,-1.2395042250703574,1.7108312360188986,-2.7640604331002314,0,33.33333333333333,33.33333333333333,33.33333333333333,D_ONE_REACH_CAUTION
2026-03-17,🟢 우리기술(032820),🟢 삼표시멘트(038500),🟢 대우건설(047040),3,3,3,0,0,0,0,0,3,3,3,14.057758953133133,14.900474152316391,17.585562339138868,0.07722209699824918,0,100.0,100.0,100.0,A_CLEAN_PREFERRED
2026-03-16,🟢 우리기술(032820),🟢 삼표시멘트(038500),🟢 대우건설(047040),3,3,3,0,0,0,0,0,3,3,3,2.1484597631362012,1.6543924291215688,6.826399372928674,-0.4557107081354002,0,100.0,100.0,100.0,A_CLEAN_PREFERRED
2026-03-13,🟡 우리기술(032820),🟠 삼표시멘트(038500),🟡 테크윙(089030),3,2,0,2,1,0,0,0,3,2,3,-3.470410441237778,-2.6394660438622854,4.748130690299764,-5.867536769814912,0,66.66666666666666,66.66666666666666,100.0,B_PROFIT_FIRST_PREFERRED
2026-03-12,🟠 우리기술(032820),🟠 테크윙(089030),🔴 한화솔루션(009830),3,2,0,0,2,1,0,1,3,0,2,1.9572277742254631,1.7155449340432638,4.959998906641579,-5.189344115529474,0,66.66666666666666,0.0,66.66666666666666,C_REACHED_BUT_VOLATILE
2026-03-11,🟡 우리기술(032820),🟡 테크윙(089030),🟢 한화솔루션(009830),3,3,1,2,0,0,0,0,3,3,3,0.1170664034981006,0.2857228716714196,5.45199116590025,-3.3537746570481364,0,100.0,100.0,100.0,B_PROFIT_FIRST_PREFERRED
2026-03-10,🟡 테크윙(089030),🟢 한화솔루션(009830),🟢 우리기술(032820),3,3,2,1,0,0,0,0,3,3,3,1.7488156298531212,3.513577365772432,10.530986391328694,-1.5203019660401644,0,100.0,100.0,100.0,A_CLEAN_PREFERRED
2026-03-09,🟠 흥구석유(024060),🟡 테크윙(089030),🟢 한화솔루션(009830),3,3,1,1,1,0,0,0,3,2,3,-4.977668174070205,-4.536912348482255,4.999414046056401,-11.07535187909295,0,100.0,66.66666666666666,100.0,B_PROFIT_FIRST_PREFERRED
2026-03-06,🟢 흥구석유(024060),🟠 한화솔루션(009830),🟠 삼표시멘트(038500),3,2,1,0,2,0,0,0,3,1,3,-3.118588728575711,-4.005191652798693,6.395581428536505,-5.451658063502514,0,66.66666666666666,33.33333333333333,100.0,C_REACHED_BUT_VOLATILE
2026-03-05,🟠 두산에너빌리티(034020),🟠 미래에셋증권(006800),🟢 한화솔루션(009830),3,3,1,0,2,0,0,0,3,1,3,8.862728789955666,8.524867288449714,11.251401091915248,-1.2935348814337075,0,100.0,33.33333333333333,100.0,C_REACHED_BUT_VOLATILE
2026-03-04,🟢 두산에너빌리티(034020),🟢 미래에셋증권(006800),🟢 한화솔루션(009830),3,3,3,0,0,0,0,0,3,3,3,12.316351442039709,11.491036946849755,15.747513758745457,9.197352194291733,0,100.0,100.0,100.0,A_CLEAN_PREFERRED
2026-03-03,🔴 두산에너빌리티(034020),🔴 미래에셋증권(006800),🔴 한화솔루션(009830),3,0,0,0,0,3,0,3,3,0,0,-16.265198158369753,-17.340019370939014,-3.623184053748263,-18.575805540345513,0,0.0,0.0,0.0,E_NO_1P3_REACH_AVOID
2026-02-27,🔴 두산에너빌리티(034020),🔴 미래에셋증권(006800),🔴 제주반도체(080220),3,0,0,0,0,3,0,3,3,0,0,-9.443288845853903,-10.60064661824388,-1.9181377370904196,-9.861675109518053,0,0.0,0.0,0.0,E_NO_1P3_REACH_AVOID
2026-02-26,🟢 두산에너빌리티(034020),🟢 미래에셋증권(006800),🟢 한화솔루션(009830),3,3,3,0,0,0,0,0,3,3,3,3.4626303222239216,1.7853110537462673,6.704851446666986,-0.11251593873599457,0,100.0,100.0,100.0,A_CLEAN_PREFERRED
2026-02-25,🟢 두산에너빌리티(034020),🟠 미래에셋증권(006800),🔴 한화솔루션(009830),3,2,1,0,1,1,0,1,3,1,2,-0.1529178243447893,0.31637766830254027,0.8927301725509226,-2.2037154534509162,0,66.66666666666666,33.33333333333333,66.66666666666666,C_REACHED_BUT_VOLATILE
2026-02-24,🟢 두산에너빌리티(034020),🟢 미래에셋증권(006800),🟠 한화솔루션(009830),3,3,2,0,1,0,0,0,3,2,3,3.4667515015416392,3.5987352726892503,6.320605496796472,-0.3874371907147715,0,100.0,66.66666666666666,100.0,A_CLEAN_PREFERRED
2026-02-23,🔴 두산에너빌리티(034020),🟠 미래에셋증권(006800),🟡 한화솔루션(009830),3,1,0,1,1,1,0,1,3,1,2,-0.37591665958684645,-0.7187041539516104,1.79760488269242,-4.229920896675373,0,33.33333333333333,33.33333333333333,66.66666666666666,D_ONE_REACH_CAUTION
2026-02-20,🔴 두산에너빌리티(034020),🔴 미래에셋증권(006800),🟡 한화솔루션(009830),3,1,0,1,0,2,0,2,3,1,1,-3.4144525875483773,-3.130996938416575,1.8923359846474714,-4.374395250299005,0,33.33333333333333,33.33333333333333,33.33333333333333,D_ONE_REACH_CAUTION
2026-02-19,🟢 두산에너빌리티(034020),🟢 우리기술(032820),🟡 미래에셋증권(006800),3,3,2,1,0,0,0,0,3,3,3,6.924681740660817,6.511678852104382,12.69512737123155,-0.8534950388767393,0,100.0,100.0,100.0,A_CLEAN_PREFERRED
2026-02-13,🟢 우리기술(032820),🟢 두산에너빌리티(034020),🟡 삼표시멘트(038500),3,3,2,1,0,0,0,0,3,3,3,1.6994851992991296,1.5962860248925237,5.329552456680009,0.39595407223598594,0,100.0,100.0,100.0,A_CLEAN_PREFERRED
2026-02-12,🟢 두산에너빌리티(034020),🟠 삼표시멘트(038500),🟢 제주반도체(080220),3,3,2,0,1,0,0,0,3,2,3,2.2511135439293803,2.9390056532156685,8.850521262371004,-1.7678732565494644,0,100.0,66.66666666666666,100.0,A_CLEAN_PREFERRED
2026-02-11,🔴 한화솔루션(009830),🔴 두산에너빌리티(034020),🟠 삼표시멘트(038500),3,1,0,0,1,2,0,2,3,0,1,-3.9303441077057486,-3.4625008590513615,0.15600673513961327,-5.977773392789153,0,33.33333333333333,0.0,33.33333333333333,D_ONE_REACH_CAUTION
2026-02-10,🟢 한화솔루션(009830),🟢 두산에너빌리티(034020),🟠 삼표시멘트(038500),3,3,2,0,1,0,0,0,3,2,3,0.5202613164559425,-0.27469138500601326,6.008349467952937,-2.7509333397690017,0,100.0,66.66666666666666,100.0,A_CLEAN_PREFERRED
2026-02-09,🟠 한화솔루션(009830),🔴 두산에너빌리티(034020),🔴 삼표시멘트(038500),3,1,0,0,1,2,0,2,3,0,1,-3.622060110736077,-3.161659488901318,-0.34318607508565896,-8.55786021220734,0,33.33333333333333,0.0,33.33333333333333,D_ONE_REACH_CAUTION
2026-02-06,🟢 두산에너빌리티(034020),🟢 한화솔루션(009830),🟢 미래에셋증권(006800),3,3,3,0,0,0,0,0,3,3,3,10.776270367656197,10.727123426317661,14.783097931415346,2.061454838886856,0,100.0,100.0,100.0,A_CLEAN_PREFERRED
2026-02-05,🔴 두산에너빌리티(034020),🟠 한화솔루션(009830),🔴 미래에셋증권(006800),3,1,0,0,1,2,0,2,3,0,1,1.9884281224505431,2.020181833975284,5.776568274121552,-7.82299938401538,0,33.33333333333333,0.0,33.33333333333333,D_ONE_REACH_CAUTION
2026-02-04,🟠 두산에너빌리티(034020),🟠 미래에셋증권(006800),🟢 카카오페이(377300),3,1,1,0,2,0,0,0,3,1,3,-2.7574920921592896,-2.8252003187665444,1.5032814064298572,-3.3390425570581583,0,33.33333333333333,33.33333333333333,100.0,D_ONE_REACH_CAUTION
2026-02-03,🟢 두산에너빌리티(034020),🟠 카카오페이(377300),🟢 한국전력(015760),3,3,2,0,1,0,0,0,3,2,3,4.561317670990299,4.81297420793659,5.985966585482035,0.21766598590905092,0,100.0,66.66666666666666,100.0,A_CLEAN_PREFERRED
2026-02-02,🟢 두산에너빌리티(034020),🟢 카카오페이(377300),🟢 한국전력(015760),3,3,3,0,0,0,0,0,3,3,3,4.073979690721778,4.25587039674491,5.125581079351904,-0.0662669082472959,0,100.0,100.0,100.0,A_CLEAN_PREFERRED
2026-01-30,🟠 두산에너빌리티(034020),🟡 카카오페이(377300),🟠 한국전력(015760),3,2,0,1,2,0,0,0,3,1,3,-2.0429688530545387,-2.6799945393725064,1.9281477863622554,-4.125901522088815,0,66.66666666666666,33.33333333333333,100.0,C_REACHED_BUT_VOLATILE
2026-01-29,🔴 두산에너빌리티(034020),🟠 카카오페이(377300),🟠 미래에셋증권(006800),3,1,0,0,2,1,0,1,3,0,2,0.28161735974319885,-0.48633951835438377,3.2018511197746684,-3.226864518383288,0,33.33333333333333,0.0,66.66666666666666,D_ONE_REACH_CAUTION
2026-01-28,🟢 두산에너빌리티(034020),🟠 카카오페이(377300),🟢 미래에셋증권(006800),3,2,2,0,1,0,0,0,3,2,3,6.659847309160649,6.53880780081261,7.911173124406937,-1.5710315915441366,0,66.66666666666666,66.66666666666666,100.0,A_CLEAN_PREFERRED
2026-01-27,🔴 두산에너빌리티(034020),🟢 휴림로봇(090710),🟢 한화시스템(272210),3,2,2,0,0,1,0,1,3,2,2,1.3127712159530642,1.669573574375623,3.938477509753927,-0.2862462422724625,0,66.66666666666666,66.66666666666666,66.66666666666666,C_REACHED_BUT_VOLATILE
2026-01-26,🟢 두산에너빌리티(034020),🟡 휴림로봇(090710),🟡 한화시스템(272210),3,3,1,2,0,0,0,0,3,3,3,1.1396627769833818,1.1851286914968358,4.360513977719742,-2.1315889579987943,0,100.0,100.0,100.0,B_PROFIT_FIRST_PREFERRED
2026-01-23,🔴 두산에너빌리티(034020),🔴 휴림로봇(090710),🔴 한화시스템(272210),3,0,0,0,0,3,0,3,3,0,0,-7.1083830151767975,-6.639186804486445,-0.7936916765188373,-14.027986738344438,0,0.0,0.0,0.0,E_NO_1P3_REACH_AVOID
2026-01-22,🟢 두산에너빌리티(034020),🟢 한화시스템(272210),🟢 현대건설(000720),3,3,3,0,0,0,0,0,3,3,3,3.6439903581006496,3.561423580692143,9.689517490935584,0.6489678116757528,0,100.0,100.0,100.0,A_CLEAN_PREFERRED
2026-01-21,🟡 두산에너빌리티(034020),🟢 한화시스템(272210),🟠 한국전력(015760),3,2,1,1,1,0,0,0,3,2,3,-1.3433515482695817,-1.6397070614501945,2.316692098887444,-2.431779851537748,0,66.66666666666666,66.66666666666666,100.0,B_PROFIT_FIRST_PREFERRED
2026-01-20,🔴 두산에너빌리티(034020),🔴 한화시스템(272210),🟠 현대건설(000720),3,1,0,0,1,2,0,2,3,0,1,-2.03512572747846,-2.0622227901404258,-0.5731941801295992,-4.812440953275247,0,33.33333333333333,0.0,33.33333333333333,D_ONE_REACH_CAUTION
2026-01-19,🟠 두산에너빌리티(034020),🟢 한화시스템(272210),🟡 현대건설(000720),3,3,1,1,1,0,0,0,3,2,3,0.04636831451239054,-0.28679812344231115,3.684958064288457,-2.3125623582173405,0,100.0,66.66666666666666,100.0,B_PROFIT_FIRST_PREFERRED
2026-01-16,🟢 한화시스템(272210),🟢 두산에너빌리티(034020),🟢 현대건설(000720),3,3,3,0,0,0,0,0,3,3,3,1.5065107575980157,1.4586089980777335,3.78811686428188,-0.7110607551554682,0,100.0,100.0,100.0,A_CLEAN_PREFERRED
2026-01-15,🔴 한화시스템(272210),🟢 두산에너빌리티(034020),🟢 현대건설(000720),3,2,2,0,0,1,0,1,3,2,2,1.662700541855459,1.9678135273808166,4.773265454694882,-2.8888199331082256,0,66.66666666666666,66.66666666666666,66.66666666666666,C_REACHED_BUT_VOLATILE
2026-01-14,🟢 한화시스템(272210),🔴 두산에너빌리티(034020),🟠 현대건설(000720),3,2,1,0,1,1,0,0,3,1,2,4.599251231200234,4.839786555264587,5.800133965859692,0.2799916543433441,0,66.66666666666666,33.33333333333333,66.66666666666666,C_REACHED_BUT_VOLATILE
2026-01-13,🟠 한화시스템(272210),🟢 두산에너빌리티(034020),🟢 현대건설(000720),3,3,2,0,1,0,0,0,3,2,3,1.6457013030254746,1.6472178153828028,5.483882159715055,-1.8547337849294518,0,100.0,66.66666666666666,100.0,A_CLEAN_PREFERRED
2026-01-12,🟠 한화시스템(272210),🔴 두산에너빌리티(034020),🟢 원익홀딩스(030530),3,2,1,0,1,1,0,1,3,1,2,8.827565128934992,8.768248494275895,9.883898445542279,-1.1931371520412608,0,66.66666666666666,33.33333333333333,66.66666666666666,C_REACHED_BUT_VOLATILE
2026-01-09,🟢 두산에너빌리티(034020),🟡 원익홀딩스(030530),🟢 노타(486990),3,3,2,1,0,0,0,0,3,3,3,0.6615310093423865,0.7926480029414466,4.749818362827322,-0.7087257527298144,0,100.0,100.0,100.0,A_CLEAN_PREFERRED
2026-01-08,🟢 두산에너빌리티(034020),🟡 나라스페이스테크놀로지(478340),🟡 원익홀딩스(030530),3,3,1,2,0,0,0,0,3,3,3,-2.611709211841277,-2.2639847554525456,3.335153964523855,-3.6606808726341407,0,100.0,100.0,100.0,B_PROFIT_FIRST_PREFERRED
2026-01-07,🟢 두산에너빌리티(034020),🟢 나라스페이스테크놀로지(478340),🟡 원익홀딩스(030530),3,3,2,1,0,0,0,0,3,3,3,-0.1062667621127537,-0.05307932164461852,4.387331421100807,-2.083816801100561,0,100.0,100.0,100.0,A_CLEAN_PREFERRED
2026-01-06,🟡 두산에너빌리티(034020),🟡 나라스페이스테크놀로지(478340),🟡 클로봇(466100),3,3,0,3,0,0,0,0,3,3,3,-1.865666937554411,-2.0803497348196345,3.2545578140892317,-4.122816074035836,0,100.0,100.0,100.0,B_PROFIT_FIRST_PREFERRED
2026-01-05,🟠 나라스페이스테크놀로지(478340),🟡 클로봇(466100),🟡 원익홀딩스(030530),3,3,0,2,1,0,0,0,3,2,3,0.7090694126620884,0.6575209763539277,8.356140350877189,-4.452368421052629,0,100.0,66.66666666666666,100.0,B_PROFIT_FIRST_PREFERRED
2026-01-02,🟡 나라스페이스테크놀로지(478340),🟡 휴림로봇(090710),🔴 클로봇(466100),3,2,0,2,0,1,0,1,3,2,2,2.158417879150694,2.450242107371277,5.762750065442194,-5.301155472148574,0,66.66666666666666,66.66666666666666,66.66666666666666,C_REACHED_BUT_VOLATILE
2025-12-30,🟠 원익홀딩스(030530),🟠 나라스페이스테크놀로지(478340),🟢 휴림로봇(090710),3,3,1,0,2,0,0,0,3,1,3,2.4634615082119358,1.8282835924832526,6.781133700238695,-5.181812832415237,0,100.0,33.33333333333333,100.0,C_REACHED_BUT_VOLATILE
2025-12-29,🟠 나라스페이스테크놀로지(478340),🟡 원익홀딩스(030530),🟡 클로봇(466100),3,3,0,2,1,0,0,0,3,2,3,-1.5642628162428636,-2.3662015630713165,4.232495881667209,-5.688615013035185,0,100.0,66.66666666666666,100.0,B_PROFIT_FIRST_PREFERRED
2025-12-26,🟢 현대무벡스(319400),🟢 원익홀딩스(030530),🟠 나라스페이스테크놀로지(478340),3,3,2,0,1,0,0,0,3,2,3,5.46169514827114,5.413677558646728,10.939735641940603,-3.19437864254963,0,100.0,66.66666666666666,100.0,A_CLEAN_PREFERRED
2025-12-24,🟢 원익홀딩스(030530),🔴 나라스페이스테크놀로지(478340),🟡 클로봇(466100),3,2,1,1,0,1,0,1,3,2,2,-1.7377442781960408,-2.166402701404909,5.365412303955487,-5.526109697571687,0,66.66666666666666,66.66666666666666,66.66666666666666,C_REACHED_BUT_VOLATILE
2025-12-23,🟠 현대무벡스(319400),🟠 원익홀딩스(030530),🟡 나라스페이스테크놀로지(478340),3,3,0,1,2,0,0,0,3,1,3,9.039451704760593,7.051878933437327,15.850588282680512,-3.8176286265323616,0,100.0,33.33333333333333,100.0,C_REACHED_BUT_VOLATILE
2025-12-22,🟢 원익홀딩스(030530),🟡 테라뷰(950250),🟡 클로봇(466100),3,3,1,2,0,0,0,0,3,3,3,4.351061375758562,2.101494209352902,9.861777694049687,-2.5773430548482836,0,100.0,100.0,100.0,B_PROFIT_FIRST_PREFERRED
2025-12-19,🟢 원익홀딩스(030530),🟡 테라뷰(950250),🟢 클로봇(466100),3,3,2,1,0,0,0,0,3,3,3,-0.8053281503568579,-0.7171606413742445,6.794973690273945,-3.3753473915404952,0,100.0,100.0,100.0,A_CLEAN_PREFERRED
2025-12-18,🟢 클로봇(466100),🟢 원익홀딩스(030530),🟡 테라뷰(950250),3,3,2,1,0,0,0,0,3,3,3,1.205475034378689,0.8243380834742927,7.739788819523041,-1.9373658825486064,0,100.0,100.0,100.0,A_CLEAN_PREFERRED
2025-12-17,🟠 클로봇(466100),🟡 원익홀딩스(030530),🟡 현대무벡스(319400),3,3,0,2,1,0,0,0,3,2,3,4.118417071392526,4.49568476907336,11.40206641388516,-2.287246769695783,0,100.0,66.66666666666666,100.0,B_PROFIT_FIRST_PREFERRED
2025-12-16,🟡 클로봇(466100),🟡 원익홀딩스(030530),🟠 테라뷰(950250),3,3,0,2,1,0,0,0,3,2,3,-4.305928104684498,-4.7365906977422485,5.213095063456848,-8.386426007614482,0,100.0,66.66666666666666,100.0,B_PROFIT_FIRST_PREFERRED
2025-12-15,🟠 클로봇(466100),🔴 테라뷰(950250),🔴 고영(098460),3,0,0,0,1,2,0,2,3,0,1,-6.307077271977019,-6.971950049255963,-0.9336971503747201,-7.603301150401184,0,0.0,0.0,33.33333333333333,E_NO_1P3_REACH_AVOID
2025-12-12,🟡 일동제약(249420),🟠 테라뷰(950250),🟠 고영(098460),3,3,0,1,2,0,0,0,3,1,3,-4.6501847186512295,-4.5044776788807255,2.3915485250866433,-7.3034604283514675,0,100.0,33.33333333333333,100.0,C_REACHED_BUT_VOLATILE
2025-12-11,🔴 테라뷰(950250),🟡 고영(098460),🟢 클로봇(466100),3,2,1,1,0,1,0,1,3,2,2,5.193625227447541,4.438115300584326,9.490395694037494,-5.670175143569566,0,66.66666666666666,66.66666666666666,66.66666666666666,C_REACHED_BUT_VOLATILE
2025-12-10,🟢 고영(098460),🟡 노타(486990),🟡 클로봇(466100),3,3,1,2,0,0,0,0,3,3,3,-1.1258547720982743,-1.1086578882479066,3.132972227786953,-3.2022160159276765,0,100.0,100.0,100.0,B_PROFIT_FIRST_PREFERRED
2025-12-09,🔴 삼성전자(005930),🟠 노타(486990),🟠 클로봇(466100),3,2,0,0,2,1,0,0,3,0,2,3.635318873157589,3.716050245657043,5.953363821753037,-2.067433693689247,0,66.66666666666666,0.0,66.66666666666666,C_REACHED_BUT_VOLATILE
2025-12-08,🔴 삼성전자(005930),🔴 노타(486990),🟠 클로봇(466100),3,1,0,0,1,2,0,1,3,0,1,0.5293162243834878,0.1572320569466917,2.424478708620581,-3.332232306957135,0,33.33333333333333,0.0,33.33333333333333,D_ONE_REACH_CAUTION
2025-12-05,🟢 삼성전자(005930),🟢 원익홀딩스(030530),🟢 노타(486990),3,3,3,0,0,0,0,0,3,3,3,2.6273547463973035,2.917974137219962,7.254834730337574,-0.24784774428313985,0,100.0,100.0,100.0,A_CLEAN_PREFERRED
2025-12-04,🟢 삼성전자(005930),🟡 노타(486990),🟡 클로봇(466100),3,3,1,2,0,0,0,0,3,3,3,0.5558437745175949,1.546138713600265,5.45478551421544,-3.0041921395879023,0,100.0,100.0,100.0,B_PROFIT_FIRST_PREFERRED
2025-12-03,🔴 삼성전자(005930),🟡 고영(098460),🟢 노타(486990),3,2,1,1,0,1,0,0,3,2,2,0.17853912903100788,0.8848254231700362,3.6198667765416843,-2.3744516941618237,0,66.66666666666666,66.66666666666666,66.66666666666666,B_PROFIT_FIRST_PREFERRED
2025-12-02,🟢 삼성전자(005930),🟢 고영(098460),🔴 노타(486990),3,2,2,0,0,1,0,1,3,2,2,-1.4412905769704076,-1.3087368179482748,1.0250295795586635,-5.506442181115879,0,66.66666666666666,66.66666666666666,66.66666666666666,C_REACHED_BUT_VOLATILE
2025-12-01,🟢 삼성전자(005930),🟡 고영(098460),🟡 노타(486990),3,3,1,2,0,0,0,0,3,3,3,3.872595547607579,3.5962659819183638,6.249505162360247,-1.9017508463825255,0,100.0,100.0,100.0,B_PROFIT_FIRST_PREFERRED
2025-11-28,🟢 삼성전자(005930),🟠 노타(486990),🔴 이뮨온시아(424870),3,2,1,0,1,1,0,1,3,1,2,-4.579143004547241,-3.838020978618617,2.2503765518686047,-5.343763736041455,0,66.66666666666666,33.33333333333333,66.66666666666666,C_REACHED_BUT_VOLATILE
2025-11-27,🔴 삼성전자(005930),🟡 노타(486990),🟠 한국전력(015760),3,2,0,1,1,1,0,1,3,1,2,-3.053541143033467,-4.582227924114094,1.4061339403778368,-4.043601668326375,0,66.66666666666666,33.33333333333333,66.66666666666666,C_REACHED_BUT_VOLATILE
2025-11-26,🟢 삼성전자(005930),🟢 한국전력(015760),🟢 노타(486990),3,3,3,0,0,0,0,0,3,3,3,1.737220002748563,1.4760608842826375,6.8845537189110715,-0.40239526617925625,0,100.0,100.0,100.0,A_CLEAN_PREFERRED
2025-11-25,🟢 삼성전자(005930),🟢 카카오(035720),🟢 한국전력(015760),3,3,3,0,0,0,0,0,3,3,3,3.170933500644265,3.6082486921780847,4.4155113944076865,0.05046799617598833,0,100.0,100.0,100.0,A_CLEAN_PREFERRED
2025-11-24,🟡 카카오(035720),🟢 한국전력(015760),🟢 고영(098460),3,3,2,1,0,0,0,0,3,3,3,2.072953697888528,1.9343535592883858,3.7342576529507454,-0.8270008070818236,0,100.0,100.0,100.0,A_CLEAN_PREFERRED
2025-11-21,🟡 노타(486990),🟢 카카오(035720),🟡 한국전력(015760),3,3,1,2,0,0,0,0,3,3,3,-1.3678319445843858,-1.2586171592382807,1.559223253988118,-4.201500953941058,0,100.0,100.0,100.0,B_PROFIT_FIRST_PREFERRED
2025-11-20,🟠 노타(486990),🟠 카카오(035720),🟠 한국전력(015760),3,1,0,0,3,0,0,0,3,0,3,0.027868972479749843,-0.06135963043576442,1.8571943261849189,-3.8540280167739547,0,33.33333333333333,0.0,100.0,D_ONE_REACH_CAUTION
2025-11-19,🟢 노타(486990),🟢 카카오(035720),🟢 한국전력(015760),3,3,3,0,0,0,0,0,3,3,3,5.542238585522763,6.000308199945747,8.220020640209931,1.7734701123279202,0,100.0,100.0,100.0,A_CLEAN_PREFERRED
2025-11-18,🟢 노타(486990),🟢 카카오(035720),🟡 한국전력(015760),3,3,2,1,0,0,0,0,3,3,3,-1.001758299612902,-0.5840479589437564,4.96015533334008,-2.730188193181219,0,100.0,100.0,100.0,A_CLEAN_PREFERRED
2025-11-17,🔴 노타(486990),🔴 카카오(035720),🔴 클로봇(466100),3,0,0,0,0,3,0,3,3,0,0,-8.48593265408318,-7.801634963473137,-1.749527868125637,-9.05935698391184,0,0.0,0.0,0.0,E_NO_1P3_REACH_AVOID
2025-11-14,🟡 노타(486990),🔴 카카오(035720),🟢 클로봇(466100),3,2,1,1,0,1,0,0,3,2,2,0.41456291898155734,1.3276890735716806,6.4867309719511965,-3.455225972154596,0,66.66666666666666,66.66666666666666,66.66666666666666,B_PROFIT_FIRST_PREFERRED
2025-11-13,🔴 노타(486990),🔴 카카오(035720),🟠 한국전력(015760),3,0,0,0,1,2,0,2,3,0,1,-7.094873158757149,-6.749863733177705,-1.2045702477578524,-8.754781100204697,0,0.0,0.0,33.33333333333333,E_NO_1P3_REACH_AVOID
2025-11-12,🟢 두산에너빌리티(034020),🟡 노타(486990),🟢 고영(098460),3,3,2,1,0,0,0,0,3,3,3,1.2793293658256915,1.7374267436286857,6.3914865452945335,-1.444787291971613,0,100.0,100.0,100.0,A_CLEAN_PREFERRED
2025-11-11,🟢 두산에너빌리티(034020),🟠 노타(486990),🟢 고영(098460),3,3,2,0,1,0,0,0,3,2,3,1.149467387264928,1.8019466355724898,7.587115210662887,-1.8958350107448618,0,100.0,66.66666666666666,100.0,A_CLEAN_PREFERRED
2025-11-10,🔴 두산에너빌리티(034020),🟡 고영(098460),🔴 노타(486990),3,1,0,1,0,2,0,2,3,1,1,-10.139341666001284,-9.918013481515308,-0.005540274744331164,-10.97527464678796,0,33.33333333333333,33.33333333333333,33.33333333333333,D_ONE_REACH_CAUTION
2025-11-07,🟢 삼성전자(005930),🟢 두산에너빌리티(034020),🟡 고영(098460),3,3,2,1,0,0,0,0,3,3,3,4.8536502245012825,4.619565886909586,7.688162607245059,-1.271079112997538,0,100.0,100.0,100.0,A_CLEAN_PREFERRED
2025-11-06,🟠 삼성전자(005930),🟠 두산에너빌리티(034020),🟡 노타(486990),3,2,0,1,2,0,0,0,3,1,3,2.1205372464798664,1.2434366109279504,6.862801419530559,-4.410917808914342,0,66.66666666666666,33.33333333333333,100.0,C_REACHED_BUT_VOLATILE
2025-11-05,🟢 삼성전자(005930),🟡 두산에너빌리티(034020),🟡 노타(486990),3,3,1,2,0,0,0,0,3,3,3,-2.057271407856183,-3.426280063441785,11.302209799034742,-6.4842625877335704,0,100.0,100.0,100.0,B_PROFIT_FIRST_PREFERRED
2025-11-04,🔴 삼성전자(005930),🔴 두산에너빌리티(034020),🟡 카카오(035720),3,1,0,1,0,2,0,2,3,1,1,-5.322328456473632,-4.595416162061098,-1.5684692668605578,-8.60704080258263,0,33.33333333333333,33.33333333333333,33.33333333333333,D_ONE_REACH_CAUTION
2025-11-03,🟡 삼성전자(005930),🟢 두산에너빌리티(034020),🟢 카카오(035720),3,3,2,1,0,0,0,0,3,3,3,-1.4289083736478414,-1.6767697083753363,2.14939713360236,-2.347246865073956,0,100.0,100.0,100.0,A_CLEAN_PREFERRED
2025-10-31,🟢 삼성전자(005930),🟢 두산에너빌리티(034020),🟢 카카오(035720),3,3,3,0,0,0,0,0,3,3,3,0.6791662873911197,1.0205820037842428,2.67081580662556,-0.959676355386622,0,100.0,100.0,100.0,A_CLEAN_PREFERRED
2025-10-30,🟢 삼성전자(005930),🟡 두산에너빌리티(034020),🟢 카카오(035720),3,3,2,1,0,0,0,0,3,3,3,1.3477852186568793,1.253386558237975,2.9022410216400583,-0.5366017043824963,0,100.0,100.0,100.0,A_CLEAN_PREFERRED
2025-10-29,🟢 삼성전자(005930),🔴 두산에너빌리티(034020),🟢 두산퓨얼셀(336260),3,2,2,0,0,1,0,1,3,2,2,0.011328197086709402,-0.046739638070906565,3.5424087436471297,-1.9720465293220728,0,66.66666666666666,66.66666666666666,66.66666666666666,C_REACHED_BUT_VOLATILE
2025-10-28,🟢 삼성전자(005930),🟢 두산에너빌리티(034020),🟢 삼성중공업(010140),3,3,3,0,0,0,0,0,3,3,3,4.770599753350413,4.76597415582399,5.9393799921294415,1.0057440333683276,0,100.0,100.0,100.0,A_CLEAN_PREFERRED
2025-10-27,🔴 삼성전자(005930),🟢 두산에너빌리티(034020),🟠 클로봇(466100),3,1,1,0,1,1,0,1,3,1,2,-0.8267580334509436,-0.5241412131175904,1.7170181451677518,-2.407409810953117,0,33.33333333333333,33.33333333333333,66.66666666666666,D_ONE_REACH_CAUTION
2025-10-24,🟢 삼성전자(005930),🟢 두산에너빌리티(034020),🟠 클로봇(466100),3,3,2,0,1,0,0,0,3,2,3,2.6616063774064225,2.796286512086558,3.7394593018157027,-0.15954535475301013,0,100.0,66.66666666666666,100.0,A_CLEAN_PREFERRED
2025-10-23,🟢 삼성전자(005930),🟢 두산에너빌리티(034020),🟡 휴림로봇(090710),3,3,2,1,0,0,0,0,3,3,3,2.630290121827835,3.0580320729652075,3.629273158116046,-0.3485902805934786,0,100.0,100.0,100.0,A_CLEAN_PREFERRED
2025-10-22,🔴 삼성전자(005930),🔴 두산에너빌리티(034020),🟡 휴림로봇(090710),3,1,0,1,0,2,0,1,3,1,1,-1.512736622736514,-1.6858556922600594,2.840342007317498,-3.476207595776278,0,33.33333333333333,33.33333333333333,33.33333333333333,D_ONE_REACH_CAUTION
2025-10-21,🟠 삼성전자(005930),🔴 두산에너빌리티(034020),🟡 클로봇(466100),3,1,0,1,1,1,0,1,3,1,2,-0.18373107189638324,-0.19232263794081902,0.9664557510778512,-2.910049789435091,0,33.33333333333333,33.33333333333333,66.66666666666666,D_ONE_REACH_CAUTION
2025-10-20,🟢 삼성전자(005930),🟢 두산에너빌리티(034020),🟡 일동제약(249420),3,3,2,1,0,0,0,0,3,3,3,0.15345620025418727,-0.10568763617576638,3.0640845457701844,-1.7711855517855444,0,100.0,100.0,100.0,A_CLEAN_PREFERRED
2025-10-17,🔴 삼성전자(005930),🟢 두산에너빌리티(034020),🟡 일동제약(249420),3,2,1,1,0,1,0,0,3,2,2,-0.553976411187381,-0.3336030838302732,1.7829565335167368,-1.6514917830822002,0,66.66666666666666,66.66666666666666,66.66666666666666,B_PROFIT_FIRST_PREFERRED
2025-10-16,🟢 삼성전자(005930),🟠 두산에너빌리티(034020),🟠 일동제약(249420),3,1,1,0,2,0,0,0,3,1,3,-1.9387643944151305,-1.9243496795423365,1.248126820296891,-2.9654839718612975,0,33.33333333333333,33.33333333333333,100.0,D_ONE_REACH_CAUTION
2025-10-15,🟢 삼성전자(005930),🟢 두산에너빌리티(034020),🔴 일동제약(249420),3,2,2,0,0,1,0,1,3,2,2,-0.8008415023590952,-0.2797704108593739,1.8100841747579866,-1.7478666964182246,0,66.66666666666666,66.66666666666666,66.66666666666666,C_REACHED_BUT_VOLATILE
2025-10-14,🟢 삼성전자(005930),🟢 두산에너빌리티(034020),🟢 일동제약(249420),3,3,3,0,0,0,0,0,3,3,3,4.589040449455021,4.515941034250349,5.650132424295381,0.49033642735589006,0,100.0,100.0,100.0,A_CLEAN_PREFERRED
2025-10-13,🟡 삼성전자(005930),🟡 두산에너빌리티(034020),🟡 일동제약(249420),3,3,0,3,0,0,0,0,3,3,3,-2.513600024345101,-2.172966033161631,3.116724177736792,-3.438905257925503,0,100.0,100.0,100.0,B_PROFIT_FIRST_PREFERRED
2025-10-10,🔴 삼성전자(005930),🔴 일동제약(249420),🟢 두산에너빌리티(034020),3,1,1,0,0,2,0,2,3,1,1,-2.239393551541358,-2.0084217501093646,0.6544489275821593,-4.926819681050923,0,33.33333333333333,33.33333333333333,33.33333333333333,D_ONE_REACH_CAUTION
2025-10-02,🟢 삼성전자(005930),🟢 일동제약(249420),🟢 두산에너빌리티(034020),3,3,3,0,0,0,0,0,3,3,3,6.317013738188641,6.326715287883555,7.033915694255696,0.8040277680708252,0,100.0,100.0,100.0,A_CLEAN_PREFERRED
2025-10-01,🟢 삼성전자(005930),🟡 일동제약(249420),🟢 두산에너빌리티(034020),3,3,2,1,0,0,0,0,3,3,3,-0.19630119398090398,-0.6569804108253917,3.098208468326831,-1.5780433313072884,0,100.0,100.0,100.0,A_CLEAN_PREFERRED
2025-09-30,🟢 삼성전자(005930),🟠 일동제약(249420),🟢 두산에너빌리티(034020),3,2,2,0,1,0,0,0,3,2,3,0.5063829270470036,0.7652083883828394,2.8844817431594953,-2.1998727984926005,0,66.66666666666666,66.66666666666666,100.0,A_CLEAN_PREFERRED
2025-09-29,🔴 삼성전자(005930),🔴 두산에너빌리티(034020),🟡 디앤디파마텍(347850),3,1,0,1,0,2,0,0,3,1,1,-1.377956552934645,-1.2181587469772714,1.8715543800262822,-2.064505535562189,0,33.33333333333333,33.33333333333333,33.33333333333333,D_ONE_REACH_CAUTION
2025-09-26,🟢 삼성전자(005930),🟢 두산에너빌리티(034020),🟠 디앤디파마텍(347850),3,3,2,0,1,0,0,0,3,2,3,1.2494734027892214,0.8980705279975668,2.4846165714566735,-1.5858792507869628,0,100.0,66.66666666666666,100.0,A_CLEAN_PREFERRED
2025-09-25,🔴 삼성전자(005930),🟠 두산에너빌리티(034020),🟢 디앤디파마텍(347850),3,1,1,0,1,1,0,1,3,1,2,1.5545619062475982,1.2880260029735673,3.6647765799355505,-2.1774398756916926,0,33.33333333333333,33.33333333333333,66.66666666666666,D_ONE_REACH_CAUTION
2025-09-24,🟢 삼성전자(005930),🟡 HJ중공업(097230),🟠 다날(064260),3,3,1,1,1,0,0,0,3,2,3,0.8759755403495902,1.1591027536459426,4.943777366373599,-1.9761432820459168,0,100.0,66.66666666666666,100.0,B_PROFIT_FIRST_PREFERRED
2025-09-23,🔴 삼성전자(005930),🟡 HJ중공업(097230),🟡 다날(064260),3,2,0,2,0,1,0,0,3,2,2,-0.03331746359619044,1.2603826101331632,1.676756568768445,-3.2210673986838194,0,66.66666666666666,66.66666666666666,66.66666666666666,B_PROFIT_FIRST_PREFERRED
2025-09-22,🟢 삼성전자(005930),🟠 HJ중공업(097230),🔴 다날(064260),3,2,1,0,1,1,0,1,3,1,2,-1.9884320638011932,-2.218617044783459,1.8936512998420623,-3.7254275581873073,0,66.66666666666666,33.33333333333333,66.66666666666666,C_REACHED_BUT_VOLATILE
2025-09-19,🟢 삼성전자(005930),🟢 HJ중공업(097230),🟢 두산에너빌리티(034020),3,3,3,0,0,0,0,0,3,3,3,2.7888777888777967,3.005474058105643,5.949423383633911,0.6986799749957676,0,100.0,100.0,100.0,A_CLEAN_PREFERRED
2025-09-18,🔴 삼성전자(005930),🟠 HJ중공업(097230),🟢 두산에너빌리티(034020),3,1,1,0,1,1,0,0,3,1,2,-0.5122718003146712,0.0805368355351536,1.7862416327602066,-3.127191771375907,0,33.33333333333333,33.33333333333333,66.66666666666666,D_ONE_REACH_CAUTION
2025-09-17,🟢 삼성전자(005930),🔴 HJ중공업(097230),🟢 두산에너빌리티(034020),3,2,2,0,0,1,0,1,3,2,2,-2.6459023717044006,-2.521511179312115,1.541687526743729,-3.8028761294459166,0,66.66666666666666,66.66666666666666,66.66666666666666,C_REACHED_BUT_VOLATILE
2025-09-16,🔴 삼성전자(005930),🟡 HJ중공업(097230),🟡 SK오션플랜트(100090),3,2,0,2,0,1,0,1,3,2,2,-1.5763129362847221,-2.3438647361245937,2.1568982990590477,-3.856100769117647,0,66.66666666666666,66.66666666666666,66.66666666666666,C_REACHED_BUT_VOLATILE
2025-09-15,🟢 삼성전자(005930),🟡 HJ중공업(097230),🟡 SK오션플랜트(100090),3,3,1,2,0,0,0,0,3,3,3,0.6067106073950224,0.8248821194547026,3.5079884867715996,-1.7546738161343594,0,100.0,100.0,100.0,B_PROFIT_FIRST_PREFERRED
2025-09-12,🟢 삼성전자(005930),🟢 HJ중공업(097230),🟡 SK오션플랜트(100090),3,3,2,1,0,0,0,0,3,3,3,1.3621422910237602,1.0223897884033217,5.804629548272462,-1.2769043568094645,0,100.0,100.0,100.0,A_CLEAN_PREFERRED
2025-09-11,🟢 삼성전자(005930),🔴 HJ중공업(097230),🟡 클로봇(466100),3,2,1,1,0,1,0,1,3,2,2,-0.8799309040132819,-0.1687672458031697,2.5487183745778665,-2.6312204888576445,0,66.66666666666666,66.66666666666666,66.66666666666666,C_REACHED_BUT_VOLATILE
2025-09-10,🔴 삼성전자(005930),🔴 클로봇(466100),🟡 HJ중공업(097230),3,1,0,1,0,2,0,1,3,1,1,-0.012412708769515834,0.3641228123488512,1.4154198265069435,-3.5788106294050195,0,33.33333333333333,33.33333333333333,33.33333333333333,D_ONE_REACH_CAUTION
2025-09-09,🟢 삼성전자(005930),🟡 HJ중공업(097230),🟢 삼성중공업(010140),3,3,2,1,0,0,0,0,3,3,3,8.5135644471856,8.589203265404015,10.449721172872817,-1.544899305287861,0,100.0,100.0,100.0,A_CLEAN_PREFERRED
2025-09-08,🟢 삼성전자(005930),🔴 HJ중공업(097230),🟢 삼성중공업(010140),3,2,2,0,0,1,0,1,3,2,2,-2.0243039578726827,-1.897721322211143,0.8686344428408432,-3.471184221557729,0,66.66666666666666,66.66666666666666,66.66666666666666,C_REACHED_BUT_VOLATILE
2025-09-05,🔴 삼성전자(005930),🟢 HJ중공업(097230),🟢 삼성중공업(010140),3,2,2,0,0,1,0,0,3,2,2,3.5042949217411654,3.4254448678029554,5.615764829784735,0.866171371503636,0,66.66666666666666,66.66666666666666,66.66666666666666,B_PROFIT_FIRST_PREFERRED
2025-09-04,🔴 두산에너빌리티(034020),🟢 HJ중공업(097230),🔴 삼성전자(005930),3,1,1,0,0,2,0,0,3,1,1,3.430923927677506,4.374845516760387,5.0923379955638035,-1.243552433905933,0,33.33333333333333,33.33333333333333,33.33333333333333,D_ONE_REACH_CAUTION
2025-09-03,🟢 두산에너빌리티(034020),🔴 삼성전자(005930),🟡 HJ중공업(097230),3,2,1,1,0,1,0,0,3,2,2,1.9078926811818924,2.6185486923545978,3.5063556891622807,-1.3388573563799078,0,66.66666666666666,66.66666666666666,66.66666666666666,B_PROFIT_FIRST_PREFERRED
2025-09-02,🟢 두산에너빌리티(034020),🔴 삼성전자(005930),🟡 HJ중공업(097230),3,2,1,1,0,1,0,0,3,2,2,4.362618831050905,5.308061031758034,6.6870786421189266,-0.5995863148594424,0,66.66666666666666,66.66666666666666,66.66666666666666,B_PROFIT_FIRST_PREFERRED
2025-09-01,🟢 두산에너빌리티(034020),🟢 삼성전자(005930),🟢 삼성중공업(010140),3,3,3,0,0,0,0,0,3,3,3,1.5244871773052078,1.4998141948914097,3.0011004296150556,-0.1486468639323039,0,100.0,100.0,100.0,A_CLEAN_PREFERRED
2025-08-29,🟡 두산에너빌리티(034020),🔴 삼성전자(005930),🟡 삼성중공업(010140),3,2,0,2,0,1,0,1,3,2,2,-2.959836297047221,-3.0438468388519566,0.4355666866792414,-3.595918625362541,0,66.66666666666666,66.66666666666666,66.66666666666666,C_REACHED_BUT_VOLATILE
2025-08-28,🔴 두산에너빌리티(034020),🔴 삼성전자(005930),🟢 LG디스플레이(034220),3,1,1,0,0,2,0,1,3,1,1,-0.767299228213647,-0.5918343780491386,0.9444037600994696,-1.0713394239594793,0,33.33333333333333,33.33333333333333,33.33333333333333,D_ONE_REACH_CAUTION
2025-08-27,🔴 두산에너빌리티(034020),🔴 삼성전자(005930),🟢 LG디스플레이(034220),3,1,1,0,0,2,0,0,3,1,1,-0.1749197596243516,-0.26026655611431176,0.7679239788499234,-0.9971465881946862,0,33.33333333333333,33.33333333333333,33.33333333333333,D_ONE_REACH_CAUTION
2025-08-26,🟢 두산에너빌리티(034020),🔴 삼성전자(005930),🔴 LG디스플레이(034220),3,1,1,0,0,2,0,0,3,1,1,0.026482641176284183,-0.0809195672876295,1.3518252823305321,-0.8104896129989178,0,33.33333333333333,33.33333333333333,33.33333333333333,D_ONE_REACH_CAUTION
2025-08-25,🔴 삼성전자(005930),🔴 두산에너빌리티(034020),🟢 LG디스플레이(034220),3,1,1,0,0,2,0,1,3,1,1,-1.0088796415891002,-1.299798254641012,0.2274280358423142,-2.3366356781144066,0,33.33333333333333,33.33333333333333,33.33333333333333,D_ONE_REACH_CAUTION
2025-08-22,🔴 삼성전자(005930),🟢 두산에너빌리티(034020),🟢 카카오(035720),3,2,2,0,0,1,0,0,3,2,2,2.5928653873734926,2.709742432721788,3.115847285887948,0.12939783574095198,0,66.66666666666666,66.66666666666666,66.66666666666666,B_PROFIT_FIRST_PREFERRED
2025-08-21,🔴 삼성전자(005930),🟢 두산에너빌리티(034020),🔴 카카오(035720),3,1,1,0,0,2,0,0,3,1,1,0.04541799639839287,0.14639120463756372,1.3375153228639691,-0.7730782960214344,0,33.33333333333333,33.33333333333333,33.33333333333333,D_ONE_REACH_CAUTION
2025-08-20,🟢 삼성전자(005930),🟢 두산에너빌리티(034020),🟡 카카오(035720),3,3,2,1,0,0,0,0,3,3,3,1.7059496242748864,1.3001613391401157,4.888051052741585,-1.6304872698227335,0,100.0,100.0,100.0,A_CLEAN_PREFERRED
2025-08-19,🔴 삼성전자(005930),🔴 두산에너빌리티(034020),🟠 카카오(035720),3,1,0,0,1,2,0,1,3,0,1,-0.40018193133081564,-0.8184990255948469,-0.07150065693435348,-6.3975985286669586,0,33.33333333333333,0.0,33.33333333333333,D_ONE_REACH_CAUTION
2025-08-18,🔴 삼성전자(005930),🔴 두산에너빌리티(034020),🟡 카카오(035720),3,1,0,1,0,2,0,1,3,1,1,-3.205497005414355,-3.1309943609897366,0.11369493753279707,-3.987712811490089,0,33.33333333333333,33.33333333333333,33.33333333333333,D_ONE_REACH_CAUTION
2025-08-14,🔴 삼성전자(005930),🟢 두산에너빌리티(034020),🔴 카카오(035720),3,1,1,0,0,2,0,1,3,1,1,-0.5309628930925273,-0.8993511229691276,0.7788841542006689,-1.5158665969281244,0,33.33333333333333,33.33333333333333,33.33333333333333,D_ONE_REACH_CAUTION
2025-08-13,🔴 삼성전자(005930),🔴 두산에너빌리티(034020),🟢 카카오(035720),3,1,1,0,0,2,0,1,3,1,1,0.27020890955088045,0.008312694038100274,1.0200876908102674,-1.466126302926429,0,33.33333333333333,33.33333333333333,33.33333333333333,D_ONE_REACH_CAUTION
2025-08-12,🔴 삼성전자(005930),🟢 두산에너빌리티(034020),🟡 카카오(035720),3,2,1,1,0,1,0,0,3,2,2,0.6622314743333154,0.8376086645175121,1.8687977260093709,-0.7931101357587825,0,66.66666666666666,66.66666666666666,66.66666666666666,B_PROFIT_FIRST_PREFERRED
2025-08-11,🟢 삼성전자(005930),🔴 카카오(035720),🟡 두산에너빌리티(034020),3,2,1,1,0,1,0,1,3,2,2,-2.306416767319064,-2.2466698879125744,1.3354436126877811,-2.955343987305907,0,66.66666666666666,66.66666666666666,66.66666666666666,C_REACHED_BUT_VOLATILE
2025-08-08,🔴 삼성전자(005930),🟢 카카오(035720),🟢 두산에너빌리티(034020),3,2,2,0,0,1,0,0,3,2,2,1.947340939820304,1.7918692800862779,3.394143411748655,-0.08037972893797744,0,66.66666666666666,66.66666666666666,66.66666666666666,B_PROFIT_FIRST_PREFERRED
2025-08-07,🟢 삼성전자(005930),🟢 두산에너빌리티(034020),🔴 한국전력(015760),3,2,2,0,0,1,0,1,3,2,2,-0.9351335411220981,-0.5129657573842353,1.4495598432085959,-2.338837588293541,0,66.66666666666666,66.66666666666666,66.66666666666666,C_REACHED_BUT_VOLATILE
2025-08-06,🟢 삼성전자(005930),🟢 두산에너빌리티(034020),🟢 더즌(462860),3,3,3,0,0,0,0,0,3,3,3,0.9554841947289913,1.1643748862750398,3.976541060091169,0.31716871685033937,0,100.0,100.0,100.0,A_CLEAN_PREFERRED
2025-08-05,🔴 삼성전자(005930),🟢 두산에너빌리티(034020),🟢 더즌(462860),3,2,2,0,0,1,0,1,3,2,2,0.8080897555108472,0.7388550991243803,3.7234930792267877,-0.4614040791784772,0,66.66666666666666,66.66666666666666,66.66666666666666,C_REACHED_BUT_VOLATILE
2025-08-04,🟢 삼성전자(005930),🟢 두산에너빌리티(034020),🟢 한화솔루션(009830),3,3,3,0,0,0,0,0,3,3,3,0.24127336548206424,0.33622671058535225,2.2827669259334473,-0.39516862999237806,0,100.0,100.0,100.0,A_CLEAN_PREFERRED
2025-08-01,🟢 삼성전자(005930),🟢 두산에너빌리티(034020),🔴 한화솔루션(009830),3,2,2,0,0,1,0,0,3,2,2,1.9219292848162632,1.7910257193092842,2.578769005312324,-1.085431726483203,0,66.66666666666666,66.66666666666666,66.66666666666666,B_PROFIT_FIRST_PREFERRED
2025-07-31,🔴 삼성전자(005930),🔴 두산에너빌리티(034020),🟡 한화솔루션(009830),3,1,0,1,0,2,0,2,3,1,1,-3.3747140705563132,-3.688459640468866,1.072272745584783,-4.107874718327968,0,33.33333333333333,33.33333333333333,33.33333333333333,D_ONE_REACH_CAUTION
2025-07-30,🔴 삼성전자(005930),🟢 두산에너빌리티(034020),🔴 한화솔루션(009830),3,1,1,0,0,2,0,2,3,1,1,-2.1979347066508654,-1.6971299756597353,2.269830900994877,-3.2865897298264426,0,33.33333333333333,33.33333333333333,33.33333333333333,D_ONE_REACH_CAUTION
2025-07-29,🟢 삼성전자(005930),🔴 두산에너빌리티(034020),🔴 한화솔루션(009830),3,1,1,0,0,2,0,2,3,1,1,-4.201826113712588,-4.667018419810295,1.0639058816919993,-5.802216140044643,0,33.33333333333333,33.33333333333333,33.33333333333333,D_ONE_REACH_CAUTION
2025-07-28,🟢 삼성전자(005930),🟠 두산에너빌리티(034020),🟠 한화솔루션(009830),3,2,1,0,2,0,0,0,3,1,3,1.1004700620015202,1.2559267553107212,1.552530092599184,-2.343107164209024,0,66.66666666666666,33.33333333333333,100.0,C_REACHED_BUT_VOLATILE
2025-07-25,🟢 삼성전자(005930),🔴 두산에너빌리티(034020),🟢 KBI동양철관(008970),3,2,2,0,0,1,0,1,3,2,2,3.6317050396440025,3.8853824892520463,6.686383622037664,-0.19867450850492574,0,66.66666666666666,66.66666666666666,66.66666666666666,C_REACHED_BUT_VOLATILE
2025-07-24,🔴 삼성전자(005930),🟢 두산에너빌리티(034020),🟢 KBI동양철관(008970),3,2,2,0,0,1,0,0,3,2,2,-0.49877456004329873,0.18030239717689764,1.3766644936365813,-1.4472532582782212,0,66.66666666666666,66.66666666666666,66.66666666666666,B_PROFIT_FIRST_PREFERRED
2025-07-23,🔴 삼성전자(005930),🟢 두산에너빌리티(034020),🟠 한화솔루션(009830),3,1,1,0,1,1,0,0,3,1,2,0.8059349095763668,0.8269404627948044,2.295106076618677,-0.28068207339915957,0,33.33333333333333,33.33333333333333,66.66666666666666,D_ONE_REACH_CAUTION
2025-07-22,🔴 삼성전자(005930),🟢 두산에너빌리티(034020),🟢 한화솔루션(009830),3,2,2,0,0,1,0,0,3,2,2,1.3089645816931987,1.2003106023318184,2.5658384120182287,-1.1224437878009603,0,66.66666666666666,66.66666666666666,66.66666666666666,B_PROFIT_FIRST_PREFERRED
2025-07-21,🔴 삼성전자(005930),🔴 두산에너빌리티(034020),🟢 뉴엔AI(463020),3,1,1,0,0,2,0,2,3,1,1,-1.033322159849914,-1.716687175870187,4.1541380715249225,-3.957613157080812,0,33.33333333333333,33.33333333333333,33.33333333333333,D_ONE_REACH_CAUTION
2025-07-18,🟢 삼성전자(005930),🟢 두산에너빌리티(034020),🟢 파인엠텍(441270),3,3,3,0,0,0,0,0,3,3,3,3.301589138589519,3.7853408433381994,5.2032971068000755,-0.2653119656633063,0,100.0,100.0,100.0,A_CLEAN_PREFERRED
2025-07-17,🟢 삼성전자(005930),🟢 두산에너빌리티(034020),🟢 파인엠텍(441270),3,3,3,0,0,0,0,0,3,3,3,4.828589059663731,4.177091667245336,6.560167620860498,-0.23895012595570586,0,100.0,100.0,100.0,A_CLEAN_PREFERRED
2025-07-16,🟢 삼성전자(005930),🟢 두산에너빌리티(034020),🟢 KBI동양철관(008970),3,3,3,0,0,0,0,0,3,3,3,1.3184267156149805,1.4970839046258064,4.153135989947732,-0.6929121527565973,0,100.0,100.0,100.0,A_CLEAN_PREFERRED
2025-07-15,🟢 삼성전자(005930),🟠 두산에너빌리티(034020),🟢 KBI동양철관(008970),3,2,2,0,1,0,0,0,3,2,3,1.1917412242383592,1.6009473473446796,5.422107558805603,-0.9967428038505403,0,66.66666666666666,66.66666666666666,100.0,A_CLEAN_PREFERRED
2025-07-14,🟡 지에프씨생명과학(388610),🟢 삼성전자(005930),🟢 두산에너빌리티(034020),3,3,2,1,0,0,0,0,3,3,3,2.197567101958157,2.712675705650025,4.874594670419033,-0.7783423854674898,0,100.0,100.0,100.0,A_CLEAN_PREFERRED
2025-07-11,🟢 지에프씨생명과학(388610),🔴 삼성전자(005930),🟡 두산에너빌리티(034020),3,2,1,1,0,1,0,0,3,2,2,1.4278416593231444,1.6227374097744478,8.202112368779035,-1.0035320220505388,0,66.66666666666666,66.66666666666666,66.66666666666666,B_PROFIT_FIRST_PREFERRED
2025-07-10,🟢 삼성전자(005930),🟠 지에프씨생명과학(388610),🟢 한국전력(015760),3,3,2,0,1,0,0,0,3,2,3,0.7410421257679137,0.7544846488828102,5.122270975431534,-1.2925326953049858,0,100.0,66.66666666666666,100.0,A_CLEAN_PREFERRED
2025-07-09,🔴 삼성전자(005930),🟡 지에프씨생명과학(388610),🟠 카카오페이(377300),3,2,0,1,1,1,0,0,3,1,2,-1.1569104074902044,-0.9762521162295851,3.502511575567565,-3.13752460135059,0,66.66666666666666,33.33333333333333,66.66666666666666,C_REACHED_BUT_VOLATILE
2025-07-08,🔴 삼성전자(005930),🟠 지에프씨생명과학(388610),🟢 카카오페이(377300),3,2,1,0,1,1,0,0,3,1,2,5.007108372529885,4.823703833648241,10.306348318781575,-2.282414970585833,0,66.66666666666666,33.33333333333333,66.66666666666666,C_REACHED_BUT_VOLATILE
2025-07-07,🔴 삼성전자(005930),🟢 지에프씨생명과학(388610),🟡 카카오페이(377300),3,2,1,1,0,1,0,0,3,2,2,1.7674707857892453,2.5018267734346495,4.294208662189732,-1.8797070579525919,0,66.66666666666666,66.66666666666666,66.66666666666666,B_PROFIT_FIRST_PREFERRED
2025-07-04,🔴 삼성전자(005930),🟡 지에프씨생명과학(388610),🟢 카카오페이(377300),3,2,1,1,0,1,0,1,3,2,2,-1.7033020416260276,-1.957251105072788,4.063032383558721,-2.656148475725891,0,66.66666666666666,66.66666666666666,66.66666666666666,C_REACHED_BUT_VOLATILE
2025-07-03,🔴 지에프씨생명과학(388610),🟢 카카오페이(377300),🟢 삼성전자(005930),3,2,2,0,0,1,0,1,3,2,2,-4.9451370486387445,-4.881217727396755,0.43409314538062443,-6.112581203869408,0,66.66666666666666,66.66666666666666,66.66666666666666,C_REACHED_BUT_VOLATILE
2025-07-02,🟡 지에프씨생명과학(388610),🟢 카카오페이(377300),🟢 카카오뱅크(323410),3,3,2,1,0,0,0,0,3,3,3,-1.4954098296267369,-2.515955671977458,7.748964664048626,-2.9364807863436133,0,100.0,100.0,100.0,A_CLEAN_PREFERRED
2025-07-01,🟠 지에프씨생명과학(388610),🟡 카카오페이(377300),🔴 삼성전자(005930),3,2,0,1,1,1,0,0,3,1,2,-2.8606715790294466,-1.2184712347490005,4.616700057447476,-4.366174766819194,0,66.66666666666666,33.33333333333333,66.66666666666666,C_REACHED_BUT_VOLATILE
2025-06-30,🟠 카카오페이(377300),🟢 삼성전자(005930),🟡 한화오션(042660),3,3,1,1,1,0,0,0,3,2,3,0.09539349730248725,-0.5552231601989958,4.173566679666499,-1.963010950066298,0,100.0,66.66666666666666,100.0,B_PROFIT_FIRST_PREFERRED
2025-06-27,🔴 삼성전자(005930),🔴 카카오페이(377300),🟢 한화오션(042660),3,1,1,0,0,2,0,1,3,1,1,-3.3008362380522556,-3.791064619355352,0.7791989009709788,-4.1910387770579725,0,33.33333333333333,33.33333333333333,33.33333333333333,D_ONE_REACH_CAUTION
2025-06-26,🟢 삼성전자(005930),🟢 한화오션(042660),🟠 두산에너빌리티(034020),3,3,2,0,1,0,0,0,3,2,3,0.2880505312902959,0.250642186903538,2.2976314686091146,-1.3803370177451886,0,100.0,66.66666666666666,100.0,A_CLEAN_PREFERRED
2025-06-25,🔴 삼성전자(005930),⚪ 카카오페이(377300),🔴 한화오션(042660),3,0,0,0,0,2,1,2,3,0,0,-2.345558513260376,-2.7107225244063096,0.46352164054027645,-3.638272700384504,0,0.0,0.0,0.0,E_NO_1P3_REACH_AVOID
2025-06-24,🔴 두산에너빌리티(034020),🟢 삼성전자(005930),🟡 한화오션(042660),3,2,1,1,0,1,0,1,3,2,2,-2.5743080277874864,-2.612828807955458,1.8485470444269552,-4.09509793541181,0,66.66666666666666,66.66666666666666,66.66666666666666,C_REACHED_BUT_VOLATILE
2025-06-23,🟠 카카오(035720),🟢 삼성전자(005930),🟠 한화오션(042660),3,3,1,0,2,0,0,0,3,1,3,2.717948953022501,3.0447880988098213,4.233276880364019,-0.9296560897959938,0,100.0,33.33333333333333,100.0,C_REACHED_BUT_VOLATILE
2025-06-20,🔴 삼성전자(005930),🔴 한화오션(042660),🟢 카카오(035720),3,1,1,0,0,2,0,2,3,1,1,-0.9374199919670515,-1.1246649983988648,0.5207983682341433,-2.4672742800353586,0,33.33333333333333,33.33333333333333,33.33333333333333,D_ONE_REACH_CAUTION
2025-06-19,🔴 삼성전자(005930),🟠 한화오션(042660),🔴 두산에너빌리티(034020),3,1,0,0,1,2,0,1,3,0,1,-0.8898081105939593,-0.6370349171383386,1.0127799560313882,-2.7727867021227133,0,33.33333333333333,0.0,33.33333333333333,D_ONE_REACH_CAUTION
2025-06-18,🟢 삼성전자(005930),🔴 한화오션(042660),🟠 두산에너빌리티(034020),3,1,1,0,1,1,0,1,3,1,2,-1.0535043734688314,-1.1993312575652244,1.1713538027214865,-2.9838834691615452,0,33.33333333333333,33.33333333333333,66.66666666666666,D_ONE_REACH_CAUTION
2025-06-17,🟢 한화오션(042660),🟢 두산에너빌리티(034020),🟢 삼성전자(005930),3,3,3,0,0,0,0,0,3,3,3,2.629078567605555,2.9292690949502673,4.796149022534009,-0.48940051500682885,0,100.0,100.0,100.0,A_CLEAN_PREFERRED
2025-06-16,🟢 한화오션(042660),🟡 두산에너빌리티(034020),🟢 삼성전자(005930),3,3,2,1,0,0,0,0,3,3,3,2.2671574738097706,3.154462483073509,6.978143438876423,-0.8774008730891995,0,100.0,100.0,100.0,A_CLEAN_PREFERRED
2025-06-13,🟢 한화오션(042660),🟢 두산에너빌리티(034020),🔴 삼성전자(005930),3,2,2,0,0,1,0,0,3,2,2,2.787483437568232,2.9097762464071066,3.646464238606691,-1.5730721030325319,0,66.66666666666666,66.66666666666666,66.66666666666666,B_PROFIT_FIRST_PREFERRED
2025-06-12,🔴 삼성전자(005930),🟡 두산에너빌리티(034020),🟡 한화솔루션(009830),3,2,0,2,0,1,0,1,3,2,2,-1.428664204842293,-1.3985384243167347,2.037248829332139,-3.403886675110512,0,66.66666666666666,66.66666666666666,66.66666666666666,C_REACHED_BUT_VOLATILE
2025-06-11,🔴 삼성전자(005930),🔴 카카오(035720),🟢 한화시스템(272210),3,1,1,0,0,2,0,0,3,1,1,-0.044030203904636224,0.019444689709191554,1.7851166014991,-0.9284793800430716,0,33.33333333333333,33.33333333333333,33.33333333333333,D_ONE_REACH_CAUTION
2025-06-10,🟢 삼성전자(005930),🟢 카카오(035720),🟢 두산에너빌리티(034020),3,3,3,0,0,0,0,0,3,3,3,3.354999464500826,3.6174046571597764,4.478084447322103,-0.7402037813519113,0,100.0,100.0,100.0,A_CLEAN_PREFERRED
2025-06-09,🔴 삼성전자(005930),🟡 두산에너빌리티(034020),🟢 삼성중공업(010140),3,2,1,1,0,1,0,0,3,2,2,0.8280404022861121,1.123513576241671,1.955135877064514,-1.8354129409049607,0,66.66666666666666,66.66666666666666,66.66666666666666,B_PROFIT_FIRST_PREFERRED
2025-06-05,🟢 삼성전자(005930),🟢 두산에너빌리티(034020),🔴 나우로보틱스(459510),3,2,2,0,0,1,0,1,3,2,2,-1.191441133802762,-1.3932431429075927,1.7008877180001065,-3.2516337597298772,0,66.66666666666666,66.66666666666666,66.66666666666666,C_REACHED_BUT_VOLATILE
2025-06-04,🟢 삼성전자(005930),🟡 나우로보틱스(459510),🟢 두산에너빌리티(034020),3,3,2,1,0,0,0,0,3,3,3,1.8686954322855087,2.071091285677895,5.52799243091803,-1.457388785800943,0,100.0,100.0,100.0,A_CLEAN_PREFERRED
2025-06-02,🟢 삼성전자(005930),🟢 두산에너빌리티(034020),🟢 나우로보틱스(459510),3,3,3,0,0,0,0,0,3,3,3,3.452333252117364,3.5521643597103747,6.490749035983945,-0.10197291219188702,0,100.0,100.0,100.0,A_CLEAN_PREFERRED
2025-05-30,🟢 삼성전자(005930),🟠 두산에너빌리티(034020),🟡 삼성중공업(010140),3,3,1,1,1,0,0,0,3,2,3,0.02426964505115962,0.02426964505115962,2.0370975328645624,-2.3306249614580756,0,100.0,66.66666666666666,100.0,B_PROFIT_FIRST_PREFERRED
2025-05-29,🟢 삼성전자(005930),🟢 로킷헬스케어(376900),🟢 삼성중공업(010140),3,3,3,0,0,0,0,0,3,3,3,1.775627661750993,1.2091375058298566,4.961499383091894,-0.19788846143396674,0,100.0,100.0,100.0,A_CLEAN_PREFERRED
2025-05-28,🔴 삼성전자(005930),🟢 로킷헬스케어(376900),🟢 삼성중공업(010140),3,2,2,0,0,1,0,0,3,2,2,0.6837478626951277,0.5257551467794238,2.907487711894611,-0.7704203246288621,0,66.66666666666666,66.66666666666666,66.66666666666666,B_PROFIT_FIRST_PREFERRED
2025-05-27,🟡 두산에너빌리티(034020),🟢 삼성전자(005930),🟡 로킷헬스케어(376900),3,3,1,2,0,0,0,0,3,3,3,-1.9342180094786723,-1.5228950909835597,5.928102510093029,-3.391867064536891,0,100.0,100.0,100.0,B_PROFIT_FIRST_PREFERRED
2025-05-26,🔴 삼성전자(005930),🟢 두산에너빌리티(034020),🟢 로킷헬스케어(376900),3,2,2,0,0,1,0,0,3,2,2,1.5098087482900757,1.3868682630045888,2.921099697781782,-0.9120020136402637,0,66.66666666666666,66.66666666666666,66.66666666666666,B_PROFIT_FIRST_PREFERRED
2025-05-23,🔴 삼성전자(005930),🟡 두산에너빌리티(034020),🟠 로킷헬스케어(376900),3,2,0,1,1,1,0,0,3,1,2,-0.07968509584861394,0.5108798856096645,4.643666651225005,-3.6515456189426345,0,66.66666666666666,33.33333333333333,66.66666666666666,C_REACHED_BUT_VOLATILE
2025-05-22,🔴 삼성전자(005930),🟢 두산에너빌리티(034020),🟡 로킷헬스케어(376900),3,2,1,1,0,1,0,0,3,2,2,-0.40671888296658726,-1.610077964844499,6.757251262754305,-2.2410763324758,0,66.66666666666666,66.66666666666666,66.66666666666666,B_PROFIT_FIRST_PREFERRED
2025-05-21,🔴 삼성전자(005930),🟠 두산에너빌리티(034020),🟢 로킷헬스케어(376900),3,1,1,0,1,1,0,1,3,1,2,-0.958549379633078,-1.1197025144611035,2.468754634968777,-2.369814762684556,0,33.33333333333333,33.33333333333333,66.66666666666666,D_ONE_REACH_CAUTION
2025-05-20,🔴 삼성전자(005930),🟢 두산에너빌리티(034020),🟢 로킷헬스케어(376900),3,2,2,0,0,1,0,0,3,2,2,3.131241796496035,3.1370787030358707,6.289765523604703,-0.11738771576506786,0,66.66666666666666,66.66666666666666,66.66666666666666,B_PROFIT_FIRST_PREFERRED
2025-05-19,🟢 삼성전자(005930),🟢 두산에너빌리티(034020),🟠 로킷헬스케어(376900),3,3,2,0,1,0,0,0,3,2,3,0.6339745233820601,0.772791262198802,4.397746594784298,-3.0386002886002905,0,100.0,66.66666666666666,100.0,A_CLEAN_PREFERRED
2025-05-16,🔴 삼성전자(005930),🟡 로킷헬스케어(376900),🔴 나우로보틱스(459510),3,1,0,1,0,2,0,2,3,1,1,-5.207258086910816,-5.527634845558397,2.508058933803126,-7.384906259110295,0,33.33333333333333,33.33333333333333,33.33333333333333,D_ONE_REACH_CAUTION
2025-05-15,🔴 삼성전자(005930),🟠 나우로보틱스(459510),🟢 두산에너빌리티(034020),3,2,1,0,1,1,0,0,3,1,2,2.3218008543871647,2.6278966091110836,6.4701268264751794,-1.0908319691379693,0,66.66666666666666,33.33333333333333,66.66666666666666,C_REACHED_BUT_VOLATILE
2025-05-14,🟢 삼성전자(005930),🟢 쎄크(081180),🟠 포바이포(389140),3,3,2,0,1,0,0,0,3,2,3,3.804738467104533,4.603718381464998,12.026002916895274,-1.59982358422253,0,100.0,66.66666666666666,100.0,A_CLEAN_PREFERRED
2025-05-13,🟢 삼성전자(005930),🟠 쎄크(081180),🔴 포바이포(389140),3,1,1,0,1,1,0,1,3,1,2,-3.6978645365573044,-2.7910379551682296,-0.045832266221301765,-6.781149848611616,0,33.33333333333333,33.33333333333333,66.66666666666666,D_ONE_REACH_CAUTION
2025-05-12,🟢 삼성전자(005930),🟢 쎄크(081180),🟡 포바이포(389140),3,3,2,1,0,0,0,0,3,3,3,-1.260793325793171,-1.8679583821336905,3.3629780843492587,-1.632990717867396,0,100.0,100.0,100.0,A_CLEAN_PREFERRED
2025-05-09,🟢 삼성전자(005930),🟡 쎄크(081180),🟢 포바이포(389140),3,3,2,1,0,0,0,0,3,3,3,4.057655886854971,5.2397849760369315,9.097561253682589,0.9907400060587879,0,100.0,100.0,100.0,A_CLEAN_PREFERRED
2025-05-08,🔴 삼성전자(005930),🔴 쎄크(081180),🟢 삼성중공업(010140),3,1,1,0,0,2,0,1,3,1,1,-2.0515516868023997,-1.4816133984337896,0.5670715145811522,-2.903334763136874,0,33.33333333333333,33.33333333333333,33.33333333333333,D_ONE_REACH_CAUTION
2025-05-07,🟢 삼성전자(005930),🟢 쎄크(081180),🔴 삼성중공업(010140),3,2,2,0,0,1,0,0,3,2,2,0.7716374397151856,0.6941701242504891,3.2097188798481184,0.31875387642624026,0,66.66666666666666,66.66666666666666,66.66666666666666,B_PROFIT_FIRST_PREFERRED
2025-05-02,🟢 삼성전자(005930),🟡 쎄크(081180),🟢 삼성중공업(010140),3,3,2,1,0,0,0,0,3,3,3,-1.4432620491407662,-1.4547807225515113,2.677724071301387,-2.413549015291442,0,100.0,100.0,100.0,A_CLEAN_PREFERRED
2025-04-30,🔴 삼성전자(005930),🟢 삼성중공업(010140),🔴 오리엔트정공(065500),3,1,1,0,0,2,0,2,3,1,1,-6.548671164218486,-6.4985270026603,-1.3556087021109144,-8.820124832683197,0,33.33333333333333,33.33333333333333,33.33333333333333,D_ONE_REACH_CAUTION
2025-04-29,🔴 삼성전자(005930),🔴 삼성중공업(010140),🟢 오리엔트정공(065500),3,1,1,0,0,2,0,1,3,1,1,7.063060301400074,5.960597350920911,8.460967933134489,1.3596481937307445,0,33.33333333333333,33.33333333333333,33.33333333333333,D_ONE_REACH_CAUTION
2025-04-28,🟢 삼성전자(005930),🟠 오리엔트정공(065500),🟢 온코크로스(382150),3,3,2,0,1,0,0,0,3,2,3,0.0484297547541536,-0.5932530330745921,2.7396425697830815,-1.702815251733351,0,100.0,66.66666666666666,100.0,A_CLEAN_PREFERRED
2025-04-25,🔴 삼성전자(005930),🟡 오리엔트정공(065500),🔴 온코크로스(382150),3,1,0,1,0,2,0,1,3,1,1,-6.338822914114498,-5.7927442599271695,1.8091529487755942,-7.280362866068732,0,33.33333333333333,33.33333333333333,33.33333333333333,D_ONE_REACH_CAUTION
2025-04-24,🟢 삼성전자(005930),🟡 한텍(098070),🟠 오리엔트정공(065500),3,2,1,1,1,0,0,0,3,2,3,-2.3815734395051726,-2.335687400694127,1.3320276842160972,-3.5216330789975765,0,66.66666666666666,66.66666666666666,100.0,B_PROFIT_FIRST_PREFERRED
2025-04-23,🔴 삼성전자(005930),🔴 한텍(098070),🟠 계룡건설(013580),3,1,0,0,1,2,0,1,3,0,1,-2.160335343140192,-1.8433714949394424,3.160889700715419,-4.918435561815042,0,33.33333333333333,0.0,33.33333333333333,D_ONE_REACH_CAUTION
2025-04-22,🟢 삼성전자(005930),🟢 한텍(098070),🟡 오리엔트정공(065500),3,3,2,1,0,0,0,0,3,3,3,-1.677205564591285,-2.0158293775450935,3.416454894586544,-2.3158202340434273,0,100.0,100.0,100.0,A_CLEAN_PREFERRED
2025-04-21,🔴 삼성전자(005930),🟢 한텍(098070),⚪ 계룡건설(013580),3,1,1,0,0,1,1,0,3,1,1,1.2373909972064057,0.8605544062128693,5.871701246335991,0.28440497433474543,0,33.33333333333333,33.33333333333333,33.33333333333333,D_ONE_REACH_CAUTION
2025-04-18,🔴 삼성전자(005930),🟢 한텍(098070),🟢 계룡건설(013580),3,2,2,0,0,1,0,0,3,2,2,10.387506653066817,10.602006867567033,12.335819070693313,4.541347439470481,0,66.66666666666666,66.66666666666666,66.66666666666666,B_PROFIT_FIRST_PREFERRED
2025-04-17,🔴 삼성전자(005930),🟠 한텍(098070),🟢 계룡건설(013580),3,2,1,0,1,1,0,0,3,1,2,8.261246402121536,9.265341406216535,11.085161226036362,-0.7984934580452204,0,66.66666666666666,33.33333333333333,66.66666666666666,C_REACHED_BUT_VOLATILE
2025-04-16,🔴 삼성전자(005930),🟡 한텍(098070),🟡 계룡건설(013580),3,2,0,2,0,1,0,0,3,2,2,-5.1275230250802055,-5.4790770186849675,4.651586775756396,-7.928803276465168,0,66.66666666666666,66.66666666666666,66.66666666666666,B_PROFIT_FIRST_PREFERRED
2025-04-15,🔴 삼성전자(005930),🟠 한텍(098070),🟠 계룡건설(013580),3,1,0,0,2,1,0,1,3,0,2,-4.367489969463393,-3.672220863928055,0.5174585913969687,-5.572140719668387,0,33.33333333333333,0.0,66.66666666666666,D_ONE_REACH_CAUTION
2025-04-14,🟢 삼성전자(005930),🟢 한텍(098070),🟢 KBI동양철관(008970),3,3,3,0,0,0,0,0,3,3,3,7.663580756705464,6.711566798824208,11.507139534821194,3.8545020943095274,0,100.0,100.0,100.0,A_CLEAN_PREFERRED
2025-04-11,🟢 삼성전자(005930),🟢 한텍(098070),🟢 KBI동양철관(008970),3,3,3,0,0,0,0,0,3,3,3,3.534809798750834,7.907300049997905,4.848560651134844,-0.013897877717309695,0,100.0,100.0,100.0,A_CLEAN_PREFERRED
2025-04-10,🔴 삼성전자(005930),🟢 한텍(098070),🔴 계룡건설(013580),3,1,1,0,0,2,0,2,3,1,1,-2.193052061469565,-1.6039873161746707,2.7778287462829367,-4.5034887689035665,0,33.33333333333333,33.33333333333333,33.33333333333333,D_ONE_REACH_CAUTION
2025-04-09,🟢 삼성전자(005930),🟢 한텍(098070),🟢 티엑스알로보틱스(484810),3,3,3,0,0,0,0,0,3,3,3,11.340298488463977,13.648999030016938,13.711197876641798,1.7964833450844544,0,100.0,100.0,100.0,A_CLEAN_PREFERRED
2025-04-08,🟢 삼성전자(005930),🟢 한텍(098070),🟠 티엑스알로보틱스(484810),3,3,2,0,1,0,0,0,3,2,3,-1.2191368362612698,-1.1952395791246369,8.02508563368624,-1.7704498607995944,0,100.0,66.66666666666666,100.0,A_CLEAN_PREFERRED
2025-04-07,🟢 삼성전자(005930),🟢 오리엔트정공(065500),🟢 한텍(098070),3,3,3,0,0,0,0,0,3,3,3,3.4215214297881693,3.375562603552518,6.811311180242481,-0.5063140335329989,0,100.0,100.0,100.0,A_CLEAN_PREFERRED
2025-04-04,🔴 삼성전자(005930),🟠 오리엔트정공(065500),🟠 한텍(098070),3,2,0,0,2,1,0,1,3,0,2,-1.9802031594751728,-1.9865136829443244,1.49691317226421,-8.133540480431456,0,66.66666666666666,0.0,66.66666666666666,C_REACHED_BUT_VOLATILE
2025-04-03,🟡 삼성전자(005930),🟡 오리엔트정공(065500),🟡 한텍(098070),3,3,0,3,0,0,0,0,3,3,3,-6.646830880930051,-8.881452716110674,9.341353681930853,-11.541572681433799,0,100.0,100.0,100.0,B_PROFIT_FIRST_PREFERRED
2025-04-02,🔴 삼성전자(005930),🟡 티엑스알로보틱스(484810),🟠 모티브링크(463480),3,2,0,1,1,1,0,1,3,1,2,-3.189850838847375,-2.7729651456166646,2.1202792275349416,-3.797549403266405,0,66.66666666666666,33.33333333333333,66.66666666666666,C_REACHED_BUT_VOLATILE
