d0_date,version_key,version_label_ko,candidate_count,green_count,yellow_count,orange_count,red_count,avg_traffic_score,avg_max_up,avg_max_down,avg_d1_close,avg_lunch_1200,best_rank1_light,green_rate,red_rate
2025-04-29,HYBRID_D0_RISK_FILTER,벨가드 안정후보,3,0,0,0,3,-13.333333333333334,4.801870493425915,-26.670134014199675,-13.506623231479352,-10.602593862256208,🔴,0.0,1.0
2025-04-30,HYBRID_D0_RISK_FILTER,벨가드 안정후보,3,0,0,0,3,-11.0,5.740832889830576,-16.970589847249354,-7.316513377795459,-5.225476071357183,🔴,0.0,1.0
2025-05-02,HYBRID_D0_RISK_FILTER,벨가드 안정후보,3,2,0,0,1,1.3333333333333333,14.70468257177248,-4.862331443212956,8.63079833305332,2.209673853358296,🔴,0.6666666666666666,0.3333333333333333
2025-05-07,HYBRID_D0_RISK_FILTER,벨가드 안정후보,3,1,0,0,2,-3.333333333333333,3.9251984226093,-11.147786687006452,-3.215708257250745,-3.026352129400804,🔴,0.3333333333333333,0.6666666666666666
2025-05-08,HYBRID_D0_RISK_FILTER,벨가드 안정후보,3,1,0,0,2,-3.333333333333333,7.0663527411952325,-12.653553277118316,-1.2733473932222166,-0.6605674710690032,🔴,0.3333333333333333,0.6666666666666666
2025-05-09,HYBRID_D0_RISK_FILTER,벨가드 안정후보,3,0,0,0,3,-3.6666666666666665,2.325927235188156,-8.138858428798427,1.8418859863711463,0.7507632353647967,🔴,0.0,1.0
2025-05-12,HYBRID_D0_RISK_FILTER,벨가드 안정후보,3,3,0,0,0,6.666666666666667,7.014770536530278,0.076117393799228,3.9419688337606487,4.086059354942247,🟢,1.0,0.0
2025-05-13,HYBRID_D0_RISK_FILTER,벨가드 안정후보,3,0,0,0,3,-6.333333333333333,0.4519742725295613,-9.265801639753263,-0.7929071455765971,-1.2633992210207854,🔴,0.0,1.0
2025-05-14,HYBRID_D0_RISK_FILTER,벨가드 안정후보,3,0,0,0,3,-7.0,1.2632823690546562,-9.608916537001212,-0.9877122990678332,0.0919189116457016,🔴,0.0,1.0
2025-05-15,HYBRID_D0_RISK_FILTER,벨가드 안정후보,3,1,0,0,2,-7.0,1.875191467809545,-7.704599184006374,-1.830550608914668,-2.3189636869197137,🔴,0.3333333333333333,0.6666666666666666
2025-05-16,HYBRID_D0_RISK_FILTER,벨가드 안정후보,3,0,0,0,3,-3.6666666666666665,1.820960219410643,-8.528268787242451,0.1609665208539038,0.818276446965697,🔴,0.0,1.0
2025-05-19,HYBRID_D0_RISK_FILTER,벨가드 안정후보,3,0,0,0,3,-11.666666666666666,0.7649813056535301,-9.648457769080744,-4.357275616197812,-3.847561801790374,🔴,0.0,1.0
2025-05-20,HYBRID_D0_RISK_FILTER,벨가드 안정후보,3,0,0,1,2,-4.666666666666667,1.5021598862321757,-5.244614595748065,-1.1335725195808275,-0.2599577973321369,🔴,0.0,0.6666666666666666
2025-05-21,HYBRID_D0_RISK_FILTER,벨가드 안정후보,3,0,0,0,3,-4.333333333333333,4.7089489090221965,-4.947657110780308,-1.1166121987392197,-1.721093164265319,🔴,0.0,1.0
2025-05-22,HYBRID_D0_RISK_FILTER,벨가드 안정후보,3,2,0,0,1,0.3333333333333333,4.536761951325352,-1.7088840421830012,-1.2590501606003577,-1.0019141769573487,🟢,0.6666666666666666,0.3333333333333333
2025-05-23,HYBRID_D0_RISK_FILTER,벨가드 안정후보,3,3,0,0,0,5.666666666666667,6.903775078259951,-0.7358695748757212,2.5880876012226293,1.7079339577131,🟢,1.0,0.0
2025-05-26,HYBRID_D0_RISK_FILTER,벨가드 안정후보,3,3,0,0,0,5.333333333333333,4.861498589871964,-0.4236023891557379,0.9230150715388944,0.3391334925915257,🟢,1.0,0.0
2025-05-27,HYBRID_D0_RISK_FILTER,벨가드 안정후보,3,3,0,0,0,6.666666666666667,5.563773735048351,-0.6958096082177456,1.5494082626971977,2.0488790592367336,🟢,1.0,0.0
2025-05-28,HYBRID_D0_RISK_FILTER,벨가드 안정후보,3,1,0,0,2,0.6666666666666666,4.163069968458033,-4.820050596697178,0.6201854301010427,0.6374087615281058,🔴,0.3333333333333333,0.6666666666666666
2025-05-29,HYBRID_D0_RISK_FILTER,벨가드 안정후보,3,2,0,0,1,-0.3333333333333333,3.7610208362238975,-3.294746329686556,-0.901867598478027,-0.8179299634247831,🔴,0.6666666666666666,0.3333333333333333
2025-05-30,HYBRID_D0_RISK_FILTER,벨가드 안정후보,3,3,0,0,0,5.0,8.628138215990605,-0.964643456056528,0.5353990602111169,-0.4507094934193619,🟢,1.0,0.0
2025-06-02,HYBRID_D0_RISK_FILTER,벨가드 안정후보,3,2,0,0,1,5.0,6.452957031911295,-4.0578775711020825,1.3187831527566196,1.7792471679081303,🟢,0.6666666666666666,0.3333333333333333
2025-06-04,HYBRID_D0_RISK_FILTER,벨가드 안정후보,3,3,0,0,0,5.333333333333333,5.49691985280171,-1.4413206582693812,2.3927192004631963,2.820578399309396,🟢,1.0,0.0
2025-06-05,HYBRID_D0_RISK_FILTER,벨가드 안정후보,3,2,0,0,1,2.6666666666666665,13.079489674491615,-2.0525129411783527,0.0687200232822204,1.2753203698738964,🔴,0.6666666666666666,0.3333333333333333
2025-06-09,HYBRID_D0_RISK_FILTER,벨가드 안정후보,3,3,0,0,0,6.0,7.467844882726774,-1.990449187202692,2.072844235267945,2.425764849476423,🟢,1.0,0.0
2025-06-10,HYBRID_D0_RISK_FILTER,벨가드 안정후보,3,2,1,0,0,4.666666666666667,11.313657108024072,-0.5604233085775364,8.560191505228422,6.190650199400541,🟢,0.6666666666666666,0.0
2025-06-11,HYBRID_D0_RISK_FILTER,벨가드 안정후보,3,1,0,0,2,4.0,16.253699308402517,-4.012349143979791,1.813793410509179,2.271474591403725,🔴,0.3333333333333333,0.6666666666666666
2025-06-12,HYBRID_D0_RISK_FILTER,벨가드 안정후보,3,1,0,1,1,1.0,12.143139937779187,-6.363221595874528,-0.2585328075367784,-0.510421976302522,🟠,0.3333333333333333,0.3333333333333333
2025-06-13,HYBRID_D0_RISK_FILTER,벨가드 안정후보,3,2,0,0,1,2.6666666666666665,8.677993061554702,-2.585246694835733,1.0618942491088634,-0.0395398660238891,🟢,0.6666666666666666,0.3333333333333333
2025-06-16,HYBRID_D0_RISK_FILTER,벨가드 안정후보,3,3,0,0,0,7.0,8.957333579856241,-0.8388810963707286,1.9792818778838168,1.2823700428555185,🟢,1.0,0.0
2025-06-17,HYBRID_D0_RISK_FILTER,벨가드 안정후보,3,2,0,0,1,2.6666666666666665,8.096519719206885,-2.8883245926761134,1.3388794808474842,1.1337709396444666,🟢,0.6666666666666666,0.3333333333333333
2025-06-18,HYBRID_D0_RISK_FILTER,벨가드 안정후보,3,2,0,0,1,2.0,9.196469694586362,-2.708953936081341,0.9608617953541064,1.843307083826869,🟢,0.6666666666666666,0.3333333333333333
2025-06-19,HYBRID_D0_RISK_FILTER,벨가드 안정후보,3,1,0,0,2,-2.6666666666666665,7.940742191480258,-5.534762572072963,1.3579723653021034,2.3504987685991447,🟢,0.3333333333333333,0.6666666666666666
2025-06-20,HYBRID_D0_RISK_FILTER,벨가드 안정후보,3,0,0,0,3,-13.0,2.522944321970344,-9.082394170994585,-4.04599050633454,-3.868586433454864,🔴,0.0,1.0
2025-06-23,HYBRID_D0_RISK_FILTER,벨가드 안정후보,3,2,0,0,1,5.666666666666667,13.533296491058982,-2.6683922505069755,2.287760007721573,1.946632293468616,🟢,0.6666666666666666,0.3333333333333333
2025-06-24,HYBRID_D0_RISK_FILTER,벨가드 안정후보,3,2,0,0,1,0.0,15.6278087832328,-2.748912164589368,4.860109606807069,5.361446076711348,🟢,0.6666666666666666,0.3333333333333333
2025-06-25,HYBRID_D0_RISK_FILTER,벨가드 안정후보,3,0,0,0,3,-9.0,7.111422104735742,-9.870661207000808,-6.045773654232682,-7.117388575015693,🔴,0.0,1.0
2025-06-26,HYBRID_D0_RISK_FILTER,벨가드 안정후보,3,0,0,0,3,-8.666666666666666,1.3349540716746249,-6.409864620026281,-2.10453262416311,-2.280008931279139,🔴,0.0,1.0
2025-06-27,HYBRID_D0_RISK_FILTER,벨가드 안정후보,3,1,0,0,2,2.333333333333333,18.005464014572173,-5.788918960401257,11.385366684893333,5.783460648436581,🔴,0.3333333333333333,0.6666666666666666
2025-06-30,HYBRID_D0_RISK_FILTER,벨가드 안정후보,3,2,0,0,1,1.3333333333333333,8.225242696531858,-4.058444177000212,1.1433127139834058,2.698559603372212,🔴,0.6666666666666666,0.3333333333333333
2025-07-01,HYBRID_D0_RISK_FILTER,벨가드 안정후보,3,0,0,1,2,-9.666666666666666,1.2910788931048465,-9.54307942688729,-3.1535209675655964,-4.058193975336603,🟠,0.0,0.6666666666666666
2025-07-02,HYBRID_D0_RISK_FILTER,벨가드 안정후보,3,0,0,0,3,-7.666666666666667,2.09577573158802,-8.112613093232309,-1.6095561929435325,-1.8293119758990173,🔴,0.0,1.0
2025-07-03,HYBRID_D0_RISK_FILTER,벨가드 안정후보,3,0,0,0,3,-10.333333333333334,4.078087030945321,-6.388672799601888,-4.61000338832851,-4.161977710981032,🔴,0.0,1.0
2025-07-04,HYBRID_D0_RISK_FILTER,벨가드 안정후보,3,3,0,0,0,4.666666666666667,7.366929706707086,-1.5765192165208883,1.086366536823428,1.0396672234808335,🟢,1.0,0.0
2025-07-07,HYBRID_D0_RISK_FILTER,벨가드 안정후보,3,3,0,0,0,6.333333333333333,6.072645403876893,0.0307081335635579,2.423011418034493,2.2251844080536896,🟢,1.0,0.0
2025-07-08,HYBRID_D0_RISK_FILTER,벨가드 안정후보,3,3,0,0,0,6.0,3.966020098293388,-1.2992038830759796,1.6371561147028535,1.696028552572315,🟢,1.0,0.0
2025-07-09,HYBRID_D0_RISK_FILTER,벨가드 안정후보,3,1,0,1,1,0.6666666666666666,2.718575557402795,-2.7633038595909967,0.8587124047083061,1.2007862951535515,🟢,0.3333333333333333,0.3333333333333333
2025-07-10,HYBRID_D0_RISK_FILTER,벨가드 안정후보,3,1,0,0,2,-3.333333333333333,4.801557320147228,-4.141277772526819,-2.044712694423512,-2.374221174992397,🟢,0.3333333333333333,0.6666666666666666
2025-07-11,HYBRID_D0_RISK_FILTER,벨가드 안정후보,3,3,0,0,0,3.6666666666666665,5.765249583742531,-1.6460640770448436,-0.6749395076573314,-1.4006225504318843,🟢,1.0,0.0
2025-07-14,HYBRID_D0_RISK_FILTER,벨가드 안정후보,3,3,0,0,0,7.0,9.573534840292709,-0.1291989664082689,2.6657098218624053,1.8066888720159529,🟢,1.0,0.0
2025-07-15,HYBRID_D0_RISK_FILTER,벨가드 안정후보,3,1,0,1,1,-1.6666666666666667,4.496818775558261,-3.5819292306958648,0.390934028564475,0.668628688240358,🟠,0.3333333333333333,0.3333333333333333
2025-07-16,HYBRID_D0_RISK_FILTER,벨가드 안정후보,3,3,0,0,0,6.0,6.370414426434194,-1.1523037905474414,0.7472179692274946,0.7197806008021779,🟢,1.0,0.0
2025-07-17,HYBRID_D0_RISK_FILTER,벨가드 안정후보,3,1,0,0,2,1.0,4.994188562194661,-3.236433296564881,1.395940589696602,0.1659341871222778,🔴,0.3333333333333333,0.6666666666666666
2025-07-18,HYBRID_D0_RISK_FILTER,벨가드 안정후보,3,2,0,0,1,2.333333333333333,3.7087316313548926,-3.770949724678944,2.602303193106962,1.4238126108340632,🔴,0.6666666666666666,0.3333333333333333
2025-07-21,HYBRID_D0_RISK_FILTER,벨가드 안정후보,3,1,0,0,2,1.0,3.990240018247489,-4.295531920949806,0.3599522030846199,1.4582254312963745,🔴,0.3333333333333333,0.6666666666666666
2025-07-22,HYBRID_D0_RISK_FILTER,벨가드 안정후보,3,2,0,0,1,0.0,8.533401346992157,-4.802852504124885,0.7032670066112301,-0.5292550847668517,🟢,0.6666666666666666,0.3333333333333333
2025-07-23,HYBRID_D0_RISK_FILTER,벨가드 안정후보,3,2,0,0,1,1.3333333333333333,9.738458795926496,-3.40708711126558,-0.4689186553977357,-1.3803136997492766,🔴,0.6666666666666666,0.3333333333333333
2025-07-24,HYBRID_D0_RISK_FILTER,벨가드 안정후보,3,1,0,0,2,3.333333333333333,5.2797574736724044,-3.284494606139569,1.6749221359427653,0.8828061013030464,🔴,0.3333333333333333,0.6666666666666666
2025-07-25,HYBRID_D0_RISK_FILTER,벨가드 안정후보,3,0,0,0,3,-4.666666666666667,2.2582523282390263,-5.217444430972192,-1.1345785783678508,-0.9132002756986928,🔴,0.0,1.0
2025-07-28,HYBRID_D0_RISK_FILTER,벨가드 안정후보,3,1,0,0,2,-0.6666666666666666,3.4626830378041333,-6.074480695240581,0.0674246273130396,0.046087737731663,🟢,0.3333333333333333,0.6666666666666666
2025-07-29,HYBRID_D0_RISK_FILTER,벨가드 안정후보,3,1,0,0,2,1.0,3.584709197783516,-5.4901250524096215,0.1056267910984343,0.2429490281345869,🟢,0.3333333333333333,0.6666666666666666
2025-07-30,HYBRID_D0_RISK_FILTER,벨가드 안정후보,3,0,0,0,3,-2.0,2.671849333043393,-5.900133848878256,1.4510973664517108,1.2172287313170882,🔴,0.0,1.0
2025-07-31,HYBRID_D0_RISK_FILTER,벨가드 안정후보,3,0,0,0,3,-10.333333333333334,-0.3052590274461327,-6.542862583589944,-4.600574660316859,-3.550253320442553,🔴,0.0,1.0
2025-08-01,HYBRID_D0_RISK_FILTER,벨가드 안정후보,3,1,1,0,1,0.3333333333333333,2.601351351351344,-2.6541184041184054,-0.1097168597168574,-0.3114543114543122,🔴,0.3333333333333333,0.3333333333333333
2025-08-04,HYBRID_D0_RISK_FILTER,벨가드 안정후보,3,2,0,0,1,4.333333333333333,5.267739034811339,-3.2152675051115374,1.3568456520558865,1.035716675073428,🔴,0.6666666666666666,0.3333333333333333
2025-08-05,HYBRID_D0_RISK_FILTER,벨가드 안정후보,3,1,0,0,2,-0.3333333333333333,4.900925638892173,-4.005655711749568,0.7228970581076929,-0.3329856460314547,🟢,0.3333333333333333,0.6666666666666666
2025-08-06,HYBRID_D0_RISK_FILTER,벨가드 안정후보,3,1,1,0,1,0.0,6.418071042616891,-3.14210522325149,1.2451723679195004,-0.5502621723879109,🔴,0.3333333333333333,0.3333333333333333
2025-08-07,HYBRID_D0_RISK_FILTER,벨가드 안정후보,3,2,0,0,1,2.0,3.8902546184250633,-2.6679504907001106,-0.0057123814981241,0.3926578102459221,🔴,0.6666666666666666,0.3333333333333333
2025-08-08,HYBRID_D0_RISK_FILTER,벨가드 안정후보,3,2,0,0,1,0.6666666666666666,5.95323558615839,-2.7325827199512047,-0.0685153124838115,-0.6367829375076223,🟢,0.6666666666666666,0.3333333333333333
2025-08-11,HYBRID_D0_RISK_FILTER,벨가드 안정후보,3,2,0,0,1,2.0,5.332724397077564,-3.5646361431558007,-0.447214720412518,0.9639528633216488,🟢,0.6666666666666666,0.3333333333333333
2025-08-12,HYBRID_D0_RISK_FILTER,벨가드 안정후보,3,1,0,0,2,-1.3333333333333333,3.742756997646583,-6.061268839817736,0.6060776361017576,-0.8668875752193624,🔴,0.3333333333333333,0.6666666666666666
2025-08-13,HYBRID_D0_RISK_FILTER,벨가드 안정후보,3,3,0,0,0,6.0,8.090745148776591,-1.5874998311878663,0.8537608416701259,1.1551541964072414,🟢,1.0,0.0
2025-08-14,HYBRID_D0_RISK_FILTER,벨가드 안정후보,3,2,0,0,1,0.6666666666666666,4.617924328501214,-3.747047665296558,1.2715531408141187,1.653877133587826,🟢,0.6666666666666666,0.3333333333333333
2025-08-18,HYBRID_D0_RISK_FILTER,벨가드 안정후보,3,1,0,0,2,3.333333333333333,7.340426464505493,-4.329999498426851,1.0980283671180164,1.004298552006692,🔴,0.3333333333333333,0.6666666666666666
2025-08-19,HYBRID_D0_RISK_FILTER,벨가드 안정후보,3,1,0,0,2,-5.666666666666667,2.0202884183704897,-5.611627417644779,-1.916504045707172,-3.306847156744696,🔴,0.3333333333333333,0.6666666666666666
2025-08-20,HYBRID_D0_RISK_FILTER,벨가드 안정후보,3,1,0,0,2,-1.3333333333333333,4.923245298326809,-2.547159389105295,0.4455085774482133,2.0640213055944394,🔴,0.3333333333333333,0.6666666666666666
2025-08-21,HYBRID_D0_RISK_FILTER,벨가드 안정후보,3,2,1,0,0,4.333333333333333,7.690183637872882,-1.3537310691251452,0.5096835750724615,-0.1113780598961204,🟢,0.6666666666666666,0.0
2025-08-22,HYBRID_D0_RISK_FILTER,벨가드 안정후보,3,3,0,0,0,7.0,9.226525392166735,0.499227144984334,5.110564453723687,4.955177813150291,🟢,1.0,0.0
2025-08-25,HYBRID_D0_RISK_FILTER,벨가드 안정후보,3,1,0,0,2,-2.0,1.7751948850507866,-4.198018768871584,0.8183009955660495,0.3901909902852551,🔴,0.3333333333333333,0.6666666666666666
2025-08-26,HYBRID_D0_RISK_FILTER,벨가드 안정후보,3,0,0,0,3,-3.333333333333333,1.543400160652035,-5.537549834009884,0.2223180674129558,0.2732305687288365,🔴,0.0,1.0
2025-08-27,HYBRID_D0_RISK_FILTER,벨가드 안정후보,3,1,0,0,2,-2.333333333333333,1.5031079103321687,-5.002290650348271,-0.0240100472813272,-0.1616172789103235,🟢,0.3333333333333333,0.6666666666666666
2025-08-28,HYBRID_D0_RISK_FILTER,벨가드 안정후보,3,1,0,0,2,-2.6666666666666665,1.645753232554285,-5.30037875595385,-0.9089800914761672,-1.0952934851125655,🟢,0.3333333333333333,0.6666666666666666
2025-08-29,HYBRID_D0_RISK_FILTER,벨가드 안정후보,3,2,0,0,1,1.3333333333333333,2.6434188034188035,-3.5864898320070746,-0.1333569112879481,0.2854347185381726,🟢,0.6666666666666666,0.3333333333333333
2025-09-01,HYBRID_D0_RISK_FILTER,벨가드 안정후보,3,1,0,1,1,1.3333333333333333,2.650866434344868,-2.415616494125832,0.8620420264667287,1.0056742893287325,🟠,0.3333333333333333,0.3333333333333333
2025-09-02,HYBRID_D0_RISK_FILTER,벨가드 안정후보,3,2,0,0,1,0.6666666666666666,2.0865121227250447,-2.2426649124545284,-0.2533131770085554,-0.5583567074941564,🟢,0.6666666666666666,0.3333333333333333
2025-09-03,HYBRID_D0_RISK_FILTER,벨가드 안정후보,3,2,0,1,0,2.333333333333333,3.780180088480845,-1.495708876426612,1.1359953974467578,1.1122755749243336,🟢,0.6666666666666666,0.0
2025-09-04,HYBRID_D0_RISK_FILTER,벨가드 안정후보,3,2,0,1,0,2.0,15.864371549376935,-1.876446523695711,4.361752840717244,0.5122540181871305,🟠,0.6666666666666666,0.0
2025-09-05,HYBRID_D0_RISK_FILTER,벨가드 안정후보,3,3,0,0,0,6.333333333333333,12.23513371125054,-0.3067508107236846,2.0806761544424144,1.984370477723056,🟢,1.0,0.0
2025-09-08,HYBRID_D0_RISK_FILTER,벨가드 안정후보,3,3,0,0,0,6.333333333333333,6.061573195509151,-0.602581693076413,1.615098652153361,1.640466737860528,🟢,1.0,0.0
2025-09-09,HYBRID_D0_RISK_FILTER,벨가드 안정후보,3,1,0,1,1,0.6666666666666666,12.681317305349944,-1.7947399632300003,7.249747256546539,7.027072448226723,🟠,0.3333333333333333,0.3333333333333333
2025-09-10,HYBRID_D0_RISK_FILTER,벨가드 안정후보,3,2,1,0,0,3.333333333333333,5.766283198247868,-0.5778550777357172,-0.3140784443004585,0.2321840648410289,🟢,0.6666666666666666,0.0
2025-09-11,HYBRID_D0_RISK_FILTER,벨가드 안정후보,3,2,0,0,1,0.0,4.8991847404862,-4.408468257368437,0.6501655475211384,1.0165134215897895,🟢,0.6666666666666666,0.3333333333333333
2025-09-12,HYBRID_D0_RISK_FILTER,벨가드 안정후보,3,2,0,0,1,3.6666666666666665,8.172543173257322,-6.414116507729632,2.070565167061652,1.107204966682725,🔴,0.6666666666666666,0.3333333333333333
2025-09-15,HYBRID_D0_RISK_FILTER,벨가드 안정후보,3,3,0,0,0,6.0,6.631547292407447,-1.2487186346369767,1.1952373689233964,0.7763624612139234,🟢,1.0,0.0
2025-09-16,HYBRID_D0_RISK_FILTER,벨가드 안정후보,3,2,0,0,1,1.6666666666666667,7.764982841361217,-7.262088220667503,-1.5633490911516112,-0.9084902544881516,🔴,0.6666666666666666,0.3333333333333333
2025-09-17,HYBRID_D0_RISK_FILTER,벨가드 안정후보,3,2,0,0,1,-0.6666666666666666,5.702414628348367,-7.371209011850499,-2.0959890499877822,-1.9269917323304115,🔴,0.6666666666666666,0.3333333333333333
2025-09-18,HYBRID_D0_RISK_FILTER,벨가드 안정후보,3,1,0,0,2,-4.0,2.6879178766799456,-5.028001071006634,-0.6807471688153469,-2.1075810824881898,🟢,0.3333333333333333,0.6666666666666666
2025-09-19,HYBRID_D0_RISK_FILTER,벨가드 안정후보,3,0,0,0,3,1.0,5.061501170519304,-6.477289683082007,0.451565544572378,-0.3002413174299241,🔴,0.0,1.0
2025-09-22,HYBRID_D0_RISK_FILTER,벨가드 안정후보,3,0,0,0,3,-8.333333333333334,1.9051133878169144,-7.313265579525701,-2.364085683548859,-2.1535173235423755,🔴,0.0,1.0
2025-09-23,HYBRID_D0_RISK_FILTER,벨가드 안정후보,3,1,0,0,2,-1.0,6.196731368356086,-6.105385601953106,1.6046137670851686,-0.1619416379141795,🔴,0.3333333333333333,0.6666666666666666
2025-09-24,HYBRID_D0_RISK_FILTER,벨가드 안정후보,3,0,0,0,3,-2.333333333333333,5.679941964201792,-4.245630718730446,-0.1343602667577122,-0.8078431666290667,🔴,0.0,1.0
2025-09-25,HYBRID_D0_RISK_FILTER,벨가드 안정후보,3,2,0,0,1,1.3333333333333333,3.824241440294866,-3.021484114971077,-0.1621775591228225,0.0112670725285276,🟢,0.6666666666666666,0.3333333333333333
2025-09-26,HYBRID_D0_RISK_FILTER,벨가드 안정후보,3,2,0,0,1,0.3333333333333333,7.694982181376772,-2.5361934376614754,-0.4265371381937795,-1.0190217391304324,🟢,0.6666666666666666,0.3333333333333333
2025-09-29,HYBRID_D0_RISK_FILTER,벨가드 안정후보,3,3,0,0,0,5.0,8.428017107126033,-1.697708057621335,0.4837688852452356,0.2367779597180967,🟢,1.0,0.0
2025-09-30,HYBRID_D0_RISK_FILTER,벨가드 안정후보,3,2,0,0,1,0.3333333333333333,14.07955574622241,-2.77134277134277,0.1711235044568382,1.4137947471280796,🟢,0.6666666666666666,0.3333333333333333
2025-10-01,HYBRID_D0_RISK_FILTER,벨가드 안정후보,3,1,0,0,2,2.0,6.7589306040784685,-4.065364007634686,0.3891500218864752,0.5013491359141161,🟢,0.3333333333333333,0.6666666666666666
2025-10-02,HYBRID_D0_RISK_FILTER,벨가드 안정후보,3,2,0,0,1,3.6666666666666665,13.87659960429914,-3.1288095607344397,2.273987602626101,1.247938078923997,🟢,0.6666666666666666,0.3333333333333333
2025-10-10,HYBRID_D0_RISK_FILTER,벨가드 안정후보,3,1,0,0,2,-3.6666666666666665,7.5951284123396015,-6.656018618485031,0.1355622553904719,-0.1129418254129932,🟢,0.3333333333333333,0.6666666666666666
2025-10-13,HYBRID_D0_RISK_FILTER,벨가드 안정후보,3,2,0,0,1,1.0,12.12577238764659,-2.4898516118028327,0.0954982829180495,1.3381863465303827,🔴,0.6666666666666666,0.3333333333333333
2025-10-14,HYBRID_D0_RISK_FILTER,벨가드 안정후보,3,2,0,0,1,5.666666666666667,17.906138861602617,-2.690233588194191,4.951995211082331,3.82138903417942,🔴,0.6666666666666666,0.3333333333333333
2025-10-15,HYBRID_D0_RISK_FILTER,벨가드 안정후보,3,0,0,0,3,-8.666666666666666,1.3157406381617551,-7.98718169248603,-3.01694789839784,-1.8838196207592453,🔴,0.0,1.0
2025-10-16,HYBRID_D0_RISK_FILTER,벨가드 안정후보,3,1,0,0,2,-5.666666666666667,3.96229375476973,-5.104155198716643,-2.744301973498457,-2.143750862826717,🟢,0.3333333333333333,0.6666666666666666
2025-10-17,HYBRID_D0_RISK_FILTER,벨가드 안정후보,3,3,0,0,0,5.333333333333333,8.428414032416876,-2.6932085737366207,1.9050412182092025,1.844139931120144,🟢,1.0,0.0
2025-10-20,HYBRID_D0_RISK_FILTER,벨가드 안정후보,3,1,0,0,2,-1.3333333333333333,5.267451242203322,-5.443939862598298,-1.2904533330047894,-0.99147427914551,🔴,0.3333333333333333,0.6666666666666666
2025-10-21,HYBRID_D0_RISK_FILTER,벨가드 안정후보,3,1,0,1,1,-1.0,5.104210762177575,-2.818466553362701,0.9456904002806632,0.4191834110196006,🔴,0.3333333333333333,0.3333333333333333
2025-10-22,HYBRID_D0_RISK_FILTER,벨가드 안정후보,3,3,0,0,0,5.333333333333333,4.864039242241147,-2.3646936051638847,0.1182685410669385,1.1671060860925917,🟢,1.0,0.0
2025-10-23,HYBRID_D0_RISK_FILTER,벨가드 안정후보,3,1,0,0,2,-0.6666666666666666,10.247090782485545,-2.539864138715897,1.4699533579154582,1.420480976932737,🔴,0.3333333333333333,0.6666666666666666
2025-10-24,HYBRID_D0_RISK_FILTER,벨가드 안정후보,3,2,0,0,1,3.333333333333333,19.64153649643937,-0.6536100136572021,8.728508194322508,3.264651009657589,🔴,0.6666666666666666,0.3333333333333333
2025-10-27,HYBRID_D0_RISK_FILTER,벨가드 안정후보,3,3,0,0,0,6.333333333333333,11.74967964705136,-1.5247447037184243,2.5414107391579237,0.8268194751298622,🟢,1.0,0.0
2025-10-28,HYBRID_D0_RISK_FILTER,벨가드 안정후보,3,2,0,0,1,2.0,10.261436670421498,-1.2995558182255953,3.738524321954895,2.4413777155900838,🟢,0.6666666666666666,0.3333333333333333
2025-10-29,HYBRID_D0_RISK_FILTER,벨가드 안정후보,3,1,0,0,2,2.0,19.54028231519703,-5.532645450624692,1.5986617919791577,2.0086445554012253,🟢,0.3333333333333333,0.6666666666666666
2025-10-30,HYBRID_D0_RISK_FILTER,벨가드 안정후보,3,2,0,0,1,0.0,18.865099465333245,-4.935125657510231,0.7272550165595174,0.5733272723337013,🔴,0.6666666666666666,0.3333333333333333
2025-10-31,HYBRID_D0_RISK_FILTER,벨가드 안정후보,3,2,0,0,1,5.0,18.82722981229085,-2.2772570405025525,9.607218950107796,6.55231181522502,🔴,0.6666666666666666,0.3333333333333333
2025-11-03,HYBRID_D0_RISK_FILTER,벨가드 안정후보,3,0,0,0,3,-1.6666666666666667,6.956978388435417,-9.395950833618878,2.854534380171343,1.8779019037102884,🔴,0.0,1.0
2025-11-04,HYBRID_D0_RISK_FILTER,벨가드 안정후보,3,0,0,0,3,-11.0,7.474964639728579,-11.874233617791964,-3.451925859364291,-5.318486172501943,🔴,0.0,1.0
2025-11-05,HYBRID_D0_RISK_FILTER,벨가드 안정후보,3,1,0,0,2,3.333333333333333,15.114314244216208,-5.4850669223918525,-0.3366110754065898,1.3025226925787114,🔴,0.3333333333333333,0.6666666666666666
2025-11-06,HYBRID_D0_RISK_FILTER,벨가드 안정후보,3,0,0,0,3,-8.666666666666666,6.816829983414056,-6.093207748284125,-2.987399127262458,-3.448828066073006,🔴,0.0,1.0
2025-11-07,HYBRID_D0_RISK_FILTER,벨가드 안정후보,3,2,0,0,1,5.0,8.363111984574298,-2.766061908538394,2.6627765494897795,1.9219593707865263,🟢,0.6666666666666666,0.3333333333333333
2025-11-10,HYBRID_D0_RISK_FILTER,벨가드 안정후보,3,2,0,0,1,0.3333333333333333,6.890164342994527,-2.3304780828067195,-0.8510524584085596,-0.5027744327959308,🟢,0.6666666666666666,0.3333333333333333
2025-11-11,HYBRID_D0_RISK_FILTER,벨가드 안정후보,3,2,0,0,1,4.333333333333333,3.745835930884178,-2.40975252621181,0.9953251407544512,0.6745372783360182,🔴,0.6666666666666666,0.3333333333333333
2025-11-12,HYBRID_D0_RISK_FILTER,벨가드 안정후보,3,1,0,0,2,-0.3333333333333333,5.092589107514519,-7.658416583258041,1.2152788440974966,0.6878316447319991,🔴,0.3333333333333333,0.6666666666666666
2025-11-13,HYBRID_D0_RISK_FILTER,벨가드 안정후보,3,2,0,0,1,2.6666666666666665,8.770963123568983,-4.11958645213798,1.0759806223788952,1.5391359502674415,🔴,0.6666666666666666,0.3333333333333333
2025-11-14,HYBRID_D0_RISK_FILTER,벨가드 안정후보,3,0,0,0,3,-4.0,5.806025990721879,-6.937046629220152,-0.4606962869602863,-0.306818900371042,🔴,0.0,1.0
2025-11-17,HYBRID_D0_RISK_FILTER,벨가드 안정후보,3,0,0,0,3,-9.0,6.110896527348449,-9.294259780915068,-3.238076366732745,-2.874533382928941,🔴,0.0,1.0
2025-11-18,HYBRID_D0_RISK_FILTER,벨가드 안정후보,3,0,0,0,3,-6.0,2.281681433922881,-11.498824394878383,-1.08265335828814,0.5559491632623962,🔴,0.0,1.0
2025-11-19,HYBRID_D0_RISK_FILTER,벨가드 안정후보,3,1,0,0,2,4.0,7.181193150817696,-7.069488763211233,2.905426873820227,5.08599124302489,🔴,0.3333333333333333,0.6666666666666666
2025-11-20,HYBRID_D0_RISK_FILTER,벨가드 안정후보,3,0,0,0,3,-13.333333333333334,-0.8726526237283316,-11.22832808612492,-5.5676772004248924,-5.942207349312096,🔴,0.0,1.0
2025-11-21,HYBRID_D0_RISK_FILTER,벨가드 안정후보,3,1,0,0,2,-4.333333333333333,4.582611016895929,-6.450301488599963,-1.226807361346649,0.2415363356573034,🟢,0.3333333333333333,0.6666666666666666
2025-11-24,HYBRID_D0_RISK_FILTER,벨가드 안정후보,3,1,0,0,2,2.0,6.2041235540216455,-5.599455486550959,-0.7151707623965035,0.5064194380062004,🟢,0.3333333333333333,0.6666666666666666
2025-11-25,HYBRID_D0_RISK_FILTER,벨가드 안정후보,3,1,0,0,2,1.6666666666666667,4.905462674448195,-4.566091679133478,2.429706958614789,2.114363630857604,🟢,0.3333333333333333,0.6666666666666666
2025-11-26,HYBRID_D0_RISK_FILTER,벨가드 안정후보,3,0,0,0,3,-1.3333333333333333,2.6937180568928683,-8.92218795050959,-0.5733006992299025,0.5986009663851396,🔴,0.0,1.0
2025-11-27,HYBRID_D0_RISK_FILTER,벨가드 안정후보,3,0,0,0,3,-10.0,1.0236407289693068,-9.179988496764713,-2.8483525034180985,-2.8964630552931747,🔴,0.0,1.0
2025-11-28,HYBRID_D0_RISK_FILTER,벨가드 안정후보,3,0,0,0,3,-10.0,5.795032533515209,-5.989859554454313,-3.657301631402088,-3.67087552827872,🔴,0.0,1.0
2025-12-01,HYBRID_D0_RISK_FILTER,벨가드 안정후보,3,3,0,0,0,6.333333333333333,14.46590649772792,-0.6158996767488285,3.5929393466541595,2.103165350234681,🟢,1.0,0.0
2025-12-02,HYBRID_D0_RISK_FILTER,벨가드 안정후보,3,3,0,0,0,7.0,14.0952803309627,-0.0643151650516723,3.407463955596324,2.76685897084945,🟢,1.0,0.0
2025-12-03,HYBRID_D0_RISK_FILTER,벨가드 안정후보,3,1,1,0,1,0.3333333333333333,8.186975665529351,-2.9366657559376512,-1.0144057004154328,-2.348524200683348,🔴,0.3333333333333333,0.3333333333333333
2025-12-04,HYBRID_D0_RISK_FILTER,벨가드 안정후보,3,3,0,0,0,5.333333333333333,11.48456130170301,-0.8640283778225676,4.410234523236441,1.1569747682143212,🟢,1.0,0.0
2025-12-05,HYBRID_D0_RISK_FILTER,벨가드 안정후보,3,2,0,0,1,1.3333333333333333,7.4073467115878175,-4.787338446249919,0.6910282269038226,0.3075856094909457,🟢,0.6666666666666666,0.3333333333333333
2025-12-08,HYBRID_D0_RISK_FILTER,벨가드 안정후보,3,2,0,1,0,3.6666666666666665,7.159746959404068,-0.6719747300739912,0.7554758055510091,0.1660102651808122,🟢,0.6666666666666666,0.0
2025-12-09,HYBRID_D0_RISK_FILTER,벨가드 안정후보,3,1,0,0,2,-1.0,11.128942925397546,-3.68168329881818,-1.0322552743230944,-0.2222889640243567,🔴,0.3333333333333333,0.6666666666666666
2025-12-10,HYBRID_D0_RISK_FILTER,벨가드 안정후보,3,3,0,0,0,3.0,2.7469569749471496,-1.67672675882425,-0.9570233571064976,-0.3089193583490135,🟢,1.0,0.0
2025-12-11,HYBRID_D0_RISK_FILTER,벨가드 안정후보,3,2,0,0,1,1.6666666666666667,2.800242248231951,-4.0070460875702425,1.3825967093056242,1.011895339098808,🔴,0.6666666666666666,0.3333333333333333
2025-12-12,HYBRID_D0_RISK_FILTER,벨가드 안정후보,3,1,0,0,2,-2.0,3.763535878448051,-3.959754431337596,1.1394397644718723,0.1332273661670583,🔴,0.3333333333333333,0.6666666666666666
2025-12-15,HYBRID_D0_RISK_FILTER,벨가드 안정후보,3,1,0,0,2,-2.6666666666666665,5.047600408881607,-4.526342030060803,-0.7587038916834321,-0.6948425133828318,🔴,0.3333333333333333,0.6666666666666666
2025-12-16,HYBRID_D0_RISK_FILTER,벨가드 안정후보,3,1,0,0,2,-2.6666666666666665,6.428370087000125,-3.6207563444299873,-0.6213862669529872,-0.3924942892101546,🔴,0.3333333333333333,0.6666666666666666
2025-12-17,HYBRID_D0_RISK_FILTER,벨가드 안정후보,3,3,0,0,0,3.333333333333333,6.563534879833077,-1.7927504636679987,-0.0009648770953329,-0.4268891948927693,🟢,1.0,0.0
2025-12-18,HYBRID_D0_RISK_FILTER,벨가드 안정후보,3,3,0,0,0,5.666666666666667,11.358778475027664,-1.2167994077649384,2.4423826607513157,1.395910558830708,🟢,1.0,0.0
2025-12-19,HYBRID_D0_RISK_FILTER,벨가드 안정후보,3,3,0,0,0,5.666666666666667,4.0232354680000375,-2.2250301854416934,2.05730144276454,2.032236472610601,🟢,1.0,0.0
2025-12-22,HYBRID_D0_RISK_FILTER,벨가드 안정후보,3,3,0,0,0,5.333333333333333,25.54911482170836,-2.457721890790765,12.302665115101668,0.0114895832744192,🟢,1.0,0.0
2025-12-23,HYBRID_D0_RISK_FILTER,벨가드 안정후보,3,2,0,0,1,3.6666666666666665,6.9795430649734,-3.1465888879281736,0.4068000137430842,1.0162430651525185,🔴,0.6666666666666666,0.3333333333333333
2025-12-24,HYBRID_D0_RISK_FILTER,벨가드 안정후보,3,0,0,0,3,-4.333333333333333,4.801786895432151,-3.9703336168332695,-2.182643039817178,-2.1528894299127894,🔴,0.0,1.0
2025-12-26,HYBRID_D0_RISK_FILTER,벨가드 안정후보,3,1,0,0,2,2.6666666666666665,8.297747914881706,-4.327464067684676,3.916322925699464,3.1718815810662417,🟢,0.3333333333333333,0.6666666666666666
2025-12-29,HYBRID_D0_RISK_FILTER,벨가드 안정후보,3,0,1,0,2,-1.3333333333333333,4.580502182423607,-10.63774017909373,-0.5917292894748682,-0.0777347792827232,🔴,0.0,0.6666666666666666
2025-12-30,HYBRID_D0_RISK_FILTER,벨가드 안정후보,3,1,0,0,2,-6.0,2.9776098370195787,-11.205250514308892,-2.009339226645327,-2.9728604008023645,🔴,0.3333333333333333,0.6666666666666666
2026-01-02,HYBRID_D0_RISK_FILTER,벨가드 안정후보,3,2,0,0,1,3.0,7.140931344351423,-5.18484945480881,1.7471558011049977,0.9799502165914372,🟢,0.6666666666666666,0.3333333333333333
2026-01-05,HYBRID_D0_RISK_FILTER,벨가드 안정후보,3,2,0,0,1,0.3333333333333333,20.87353371107796,-3.5544713411867748,1.8283344704637328,2.074506781796992,🟢,0.6666666666666666,0.3333333333333333
2026-01-06,HYBRID_D0_RISK_FILTER,벨가드 안정후보,3,0,0,0,3,-1.0,8.092269520184011,-5.058748630309648,-0.4060741590766525,-0.929019021523192,🔴,0.0,1.0
2026-01-07,HYBRID_D0_RISK_FILTER,벨가드 안정후보,3,2,0,0,1,0.3333333333333333,10.503917887913724,-4.541395123158606,-1.3215142964348223,-1.4991356743143116,🟢,0.6666666666666666,0.3333333333333333
2026-01-08,HYBRID_D0_RISK_FILTER,벨가드 안정후보,3,1,0,0,2,-1.6666666666666667,14.728860443704354,-2.542284240073297,-1.3452567279824097,-1.5777726263033756,🔴,0.3333333333333333,0.6666666666666666
2026-01-09,HYBRID_D0_RISK_FILTER,벨가드 안정후보,3,3,0,0,0,7.0,12.439507238631784,-0.0160341834324081,4.113414212036615,4.233190777998071,🟢,1.0,0.0
2026-01-12,HYBRID_D0_RISK_FILTER,벨가드 안정후보,3,2,0,0,1,2.333333333333333,12.779522259763612,-0.6184209689402698,3.129888174915777,1.977936616785932,🟢,0.6666666666666666,0.3333333333333333
2026-01-13,HYBRID_D0_RISK_FILTER,벨가드 안정후보,3,3,0,0,0,7.0,15.557013184301525,0.1864647169432096,3.43747998766745,2.7694625504475803,🟢,1.0,0.0
2026-01-14,HYBRID_D0_RISK_FILTER,벨가드 안정후보,3,3,0,0,0,7.0,13.94022824854632,-2.2360533932044624,4.312006778093491,3.127171393281536,🟢,1.0,0.0
2026-01-15,HYBRID_D0_RISK_FILTER,벨가드 안정후보,3,2,0,0,1,0.0,9.85798339740455,-3.9132466442857097,0.3010873730221537,0.3070972662309712,🟢,0.6666666666666666,0.3333333333333333
2026-01-16,HYBRID_D0_RISK_FILTER,벨가드 안정후보,3,1,0,0,2,0.3333333333333333,7.847450672469621,-5.930512417626762,2.085025885592965,1.1408050352773962,🔴,0.3333333333333333,0.6666666666666666
2026-01-19,HYBRID_D0_RISK_FILTER,벨가드 안정후보,3,1,0,0,2,2.333333333333333,5.552163687439427,-3.1736100499834587,2.135691106396139,1.914014790758856,🔴,0.3333333333333333,0.6666666666666666
2026-01-20,HYBRID_D0_RISK_FILTER,벨가드 안정후보,3,1,0,0,2,-4.0,4.779530130888847,-5.798248992756368,-3.2090897668890874,-3.696031867135897,🟢,0.3333333333333333,0.6666666666666666
2026-01-21,HYBRID_D0_RISK_FILTER,벨가드 안정후보,3,2,0,0,1,3.6666666666666665,18.101429074020743,-0.937729153955739,1.8765837684188231,1.0365243963228097,🟢,0.6666666666666666,0.3333333333333333
2026-01-22,HYBRID_D0_RISK_FILTER,벨가드 안정후보,3,2,0,0,1,-0.6666666666666666,4.11864594788602,-4.333698876431713,-1.1455921950798365,-1.680738891741988,🔴,0.6666666666666666,0.3333333333333333
2026-01-23,HYBRID_D0_RISK_FILTER,벨가드 안정후보,3,2,0,0,1,2.333333333333333,14.683040503385046,-1.927776292009272,1.0769122814515215,1.918594576510909,🟢,0.6666666666666666,0.3333333333333333
2026-01-26,HYBRID_D0_RISK_FILTER,벨가드 안정후보,3,3,0,0,0,6.333333333333333,20.56784756287399,-1.7798495084612138,1.3319675579924823,0.9162672364967408,🟢,1.0,0.0
2026-01-27,HYBRID_D0_RISK_FILTER,벨가드 안정후보,3,2,0,0,1,1.3333333333333333,28.06299163332884,-3.9302573234519578,0.4990644664242742,-0.4473019457599074,🟢,0.6666666666666666,0.3333333333333333
2026-01-28,HYBRID_D0_RISK_FILTER,벨가드 안정후보,3,1,0,0,2,1.3333333333333333,16.48148428516043,-6.488604227860248,2.9830478180587594,0.8326106412758475,🔴,0.3333333333333333,0.6666666666666666
2026-01-29,HYBRID_D0_RISK_FILTER,벨가드 안정후보,3,1,0,0,2,-3.0,10.868884762437167,-6.062790840333977,4.604222256733159,3.882643894729739,🔴,0.3333333333333333,0.6666666666666666
2026-01-30,HYBRID_D0_RISK_FILTER,벨가드 안정후보,3,0,0,0,3,-10.666666666666666,1.1846818192498665,-10.719100225131676,-3.933892931386004,-3.442381660054028,🔴,0.0,1.0
2026-02-02,HYBRID_D0_RISK_FILTER,벨가드 안정후보,3,2,0,0,1,5.666666666666667,11.536219889943007,-4.4086224754887775,3.722621278221464,2.8676231922771724,🟢,0.6666666666666666,0.3333333333333333
2026-02-03,HYBRID_D0_RISK_FILTER,벨가드 안정후보,3,1,0,0,2,1.6666666666666667,10.787571991197176,-8.50568588108323,3.29234250092058,3.1962819794681594,🔴,0.3333333333333333,0.6666666666666666
2026-02-04,HYBRID_D0_RISK_FILTER,벨가드 안정후보,3,0,0,0,3,-13.333333333333334,2.294840790108555,-11.286992362827997,-5.865047987966399,-5.539082139058178,🔴,0.0,1.0
2026-02-05,HYBRID_D0_RISK_FILTER,벨가드 안정후보,3,0,0,0,3,-6.666666666666667,4.8857986629454135,-6.202835455220733,-1.9085264273814924,-2.4987363083682914,🔴,0.0,1.0
2026-02-06,HYBRID_D0_RISK_FILTER,벨가드 안정후보,3,3,0,0,0,6.666666666666667,12.338433900246406,1.6008421475015282,4.857915386525003,5.107702003126728,🟢,1.0,0.0
2026-02-09,HYBRID_D0_RISK_FILTER,벨가드 안정후보,3,3,0,0,0,6.0,7.931257096601185,-0.7330016612575818,1.3280367451734776,-0.014970688145055,🟢,1.0,0.0
2026-02-10,HYBRID_D0_RISK_FILTER,벨가드 안정후보,3,1,0,0,2,-1.3333333333333333,7.99924990510917,-4.703712716956706,-1.1378543269789338,-1.0244093067015865,🔴,0.3333333333333333,0.6666666666666666
2026-02-11,HYBRID_D0_RISK_FILTER,벨가드 안정후보,3,2,0,0,1,2.0,9.224498531711538,-3.401805922884545,0.550218547904846,0.8602390772284826,🔴,0.6666666666666666,0.3333333333333333
2026-02-12,HYBRID_D0_RISK_FILTER,벨가드 안정후보,3,2,0,0,1,2.333333333333333,10.194560808364384,-1.9803902361396957,0.8059021097775417,2.399132717950954,🔴,0.6666666666666666,0.3333333333333333
2026-02-13,HYBRID_D0_RISK_FILTER,벨가드 안정후보,3,3,0,0,0,7.0,14.999631693987029,1.0851805146193032,3.731918357917833,2.9409472452222327,🟢,1.0,0.0
2026-02-19,HYBRID_D0_RISK_FILTER,벨가드 안정후보,3,3,0,0,0,5.666666666666667,13.76020082219894,0.0592585693239204,3.696884445812868,4.523631830611712,🟢,1.0,0.0
2026-02-20,HYBRID_D0_RISK_FILTER,벨가드 안정후보,3,1,0,0,2,-3.0,20.74532273217445,-6.71504234260838,-1.761273556755235,-0.7174079779906842,🟢,0.3333333333333333,0.6666666666666666
2026-02-23,HYBRID_D0_RISK_FILTER,벨가드 안정후보,3,2,0,0,1,2.333333333333333,30.58844699268967,-6.133797769876796,14.723299479318044,13.039417789498753,🟢,0.6666666666666666,0.3333333333333333
2026-02-24,HYBRID_D0_RISK_FILTER,벨가드 안정후보,3,0,0,0,3,1.3333333333333333,14.599138515956824,-16.34935107429669,4.651406024954733,3.2825044134805803,🔴,0.0,1.0
2026-02-25,HYBRID_D0_RISK_FILTER,벨가드 안정후보,3,0,0,0,3,-10.666666666666666,2.781478337351547,-15.674316617568508,-1.3295669557689571,-1.6348557321807362,🔴,0.0,1.0
2026-02-26,HYBRID_D0_RISK_FILTER,벨가드 안정후보,3,0,0,0,3,-10.333333333333334,1.465309020215259,-20.45970453385407,-2.0857777632922665,-1.489945544402486,🔴,0.0,1.0
2026-02-27,HYBRID_D0_RISK_FILTER,벨가드 안정후보,3,0,1,0,2,-9.333333333333334,0.6630160067396806,-25.121641860900496,-8.39604979874567,-4.375971169147247,🔴,0.0,0.6666666666666666
2026-03-03,HYBRID_D0_RISK_FILTER,벨가드 안정후보,3,0,0,0,3,-14.0,-1.5170710978417234,-15.118984864982098,-12.554386766074332,-10.57451504822898,🔴,0.0,1.0
2026-03-04,HYBRID_D0_RISK_FILTER,벨가드 안정후보,3,3,0,0,0,7.0,9.052061239684422,-0.6730233809461214,5.036444744761659,4.9770382466480205,🟢,1.0,0.0
2026-03-05,HYBRID_D0_RISK_FILTER,벨가드 안정후보,3,1,0,0,2,-4.333333333333333,3.510976104984513,-7.338494368792699,-0.2498202542582706,-0.8671427405993026,🔴,0.3333333333333333,0.6666666666666666
2026-03-06,HYBRID_D0_RISK_FILTER,벨가드 안정후보,3,0,0,0,3,-11.666666666666666,3.479623622695916,-8.820197518081159,-3.796981571236483,-4.501498048382957,🔴,0.0,1.0
2026-03-09,HYBRID_D0_RISK_FILTER,벨가드 안정후보,3,3,0,0,0,7.0,10.74440757787419,0.6876536440615921,4.830886822879961,4.126821261049463,🟢,1.0,0.0
2026-03-10,HYBRID_D0_RISK_FILTER,벨가드 안정후보,3,3,0,0,0,6.666666666666667,5.7282048355494695,-2.296410432003652,1.9100103356223843,4.6364967946888855,🟢,1.0,0.0
2026-03-11,HYBRID_D0_RISK_FILTER,벨가드 안정후보,3,1,0,0,2,-2.333333333333333,3.1188882141814696,-4.261359041641669,0.4133970247358472,-0.1667541830637664,🟢,0.3333333333333333,0.6666666666666666
2026-03-12,HYBRID_D0_RISK_FILTER,벨가드 안정후보,3,0,0,1,2,-4.0,3.3055841211055683,-4.041586637784474,-1.2493594839859086,-0.608220579969232,🔴,0.0,0.6666666666666666
2026-03-13,HYBRID_D0_RISK_FILTER,벨가드 안정후보,3,1,0,0,2,-3.0,4.049165109091568,-3.031942185967877,-1.9914349625431147,-1.935106072196772,🔴,0.3333333333333333,0.6666666666666666
2026-03-16,HYBRID_D0_RISK_FILTER,벨가드 안정후보,3,2,0,0,1,2.0,5.411798273130778,-6.012805667062956,2.050589960315119,2.516222329536958,🟢,0.6666666666666666,0.3333333333333333
2026-03-17,HYBRID_D0_RISK_FILTER,벨가드 안정후보,3,0,0,0,3,-4.0,2.67131541303125,-8.7934005570192,1.511721867183894,0.857431404630519,🔴,0.0,1.0
2026-03-18,HYBRID_D0_RISK_FILTER,벨가드 안정후보,3,1,0,0,2,-4.333333333333333,2.207191359365279,-9.175779534475188,-1.9975483453744336,-1.554881109228934,🔴,0.3333333333333333,0.6666666666666666
2026-03-19,HYBRID_D0_RISK_FILTER,벨가드 안정후보,3,0,0,0,3,-6.0,3.639241177561233,-6.63688277115622,-0.4330315506799927,-0.5075251213769357,🔴,0.0,1.0
2026-03-20,HYBRID_D0_RISK_FILTER,벨가드 안정후보,3,0,0,0,3,-12.0,2.5871482656419293,-10.981536693321068,-8.504978627836687,-7.982454655701473,🔴,0.0,1.0
2026-03-23,HYBRID_D0_RISK_FILTER,벨가드 안정후보,3,3,0,0,0,7.0,7.419485735640205,-0.427455405879984,2.325154527518388,1.4056098961413872,🟢,1.0,0.0
2026-03-24,HYBRID_D0_RISK_FILTER,벨가드 안정후보,3,2,0,0,1,3.6666666666666665,6.601750166934643,-3.833267517879865,4.020822991172346,3.073058597617196,🔴,0.6666666666666666,0.3333333333333333
2026-03-25,HYBRID_D0_RISK_FILTER,벨가드 안정후보,3,0,0,0,3,-5.666666666666667,2.2915954731835826,-10.117205451805,-0.4264110235899935,-0.587714477621056,🔴,0.0,1.0
2026-03-26,HYBRID_D0_RISK_FILTER,벨가드 안정후보,3,0,0,0,3,-9.666666666666666,7.084454669314037,-10.597007976836457,-0.8232776797540494,-3.3495242669325607,🔴,0.0,1.0
2026-03-27,HYBRID_D0_RISK_FILTER,벨가드 안정후보,3,0,0,0,3,-8.666666666666666,6.931932428468183,-7.631033311293962,-1.803985780642444,-2.318228942886073,🔴,0.0,1.0
2026-03-30,HYBRID_D0_RISK_FILTER,벨가드 안정후보,3,0,0,0,3,-5.666666666666667,9.772199705997158,-5.539156819855435,-2.6123111353575776,-0.6990652017739815,🔴,0.0,1.0
2026-03-31,HYBRID_D0_RISK_FILTER,벨가드 안정후보,3,3,0,0,0,6.666666666666667,12.32411388759804,1.1058000957894516,7.823146200968711,6.490002276902885,🟢,1.0,0.0
2026-04-01,HYBRID_D0_RISK_FILTER,벨가드 안정후보,3,1,1,0,1,-2.6666666666666665,6.618223146491264,-7.868041785558833,-4.618537505440829,-3.4920443004304302,🔴,0.3333333333333333,0.3333333333333333
2026-04-02,HYBRID_D0_RISK_FILTER,벨가드 안정후보,3,3,0,0,0,7.0,13.975589154086968,0.1713059095378814,1.8960626026776504,1.838818724873792,🟢,1.0,0.0
2026-04-03,HYBRID_D0_RISK_FILTER,벨가드 안정후보,3,3,0,0,0,5.0,11.74125743859642,-1.3168936461100549,0.1405203530399338,-0.4382276592373779,🟢,1.0,0.0
2026-04-06,HYBRID_D0_RISK_FILTER,벨가드 안정후보,3,3,0,0,0,6.333333333333333,26.614563834006372,-1.1945361209515355,0.2693277595787746,0.2375802122595471,🟢,1.0,0.0
2026-04-07,HYBRID_D0_RISK_FILTER,벨가드 안정후보,3,3,0,0,0,7.0,27.77689326641709,2.7718379913107625,8.418658235034915,7.155867515388111,🟢,1.0,0.0
2026-04-08,HYBRID_D0_RISK_FILTER,벨가드 안정후보,3,0,0,0,3,-3.333333333333333,12.045606758667269,-5.894775327842794,-0.990681947581129,-1.919353986554695,🔴,0.0,1.0
2026-04-09,HYBRID_D0_RISK_FILTER,벨가드 안정후보,3,2,0,0,1,4.0,9.325701823980491,-3.317047838646596,0.2582575507165006,0.6926922911226726,🟢,0.6666666666666666,0.3333333333333333
2026-04-10,HYBRID_D0_RISK_FILTER,벨가드 안정후보,3,2,0,0,1,0.0,19.44604796235443,-3.5236547941850382,0.5184413208628317,0.3145722152647856,🟢,0.6666666666666666,0.3333333333333333
2026-04-13,HYBRID_D0_RISK_FILTER,벨가드 안정후보,3,3,0,0,0,6.666666666666667,16.010780019237725,0.1615798930203064,1.8807255348932903,1.558470447161013,🟢,1.0,0.0
2026-04-14,HYBRID_D0_RISK_FILTER,벨가드 안정후보,3,2,0,0,1,4.0,21.64655668009219,-1.2148288298669836,2.286383454284757,2.1629163210173497,🔴,0.6666666666666666,0.3333333333333333
2026-04-15,HYBRID_D0_RISK_FILTER,벨가드 안정후보,3,2,0,0,1,1.0,15.494732480320744,-5.430635298776635,1.3638526643659497,1.3562669455556804,🟢,0.6666666666666666,0.3333333333333333
2026-04-16,HYBRID_D0_RISK_FILTER,벨가드 안정후보,3,1,0,0,2,-2.333333333333333,52.976573524375134,-4.436453445478894,0.3705209611426989,-0.7616905678171156,🔴,0.3333333333333333,0.6666666666666666
2026-04-17,HYBRID_D0_RISK_FILTER,벨가드 안정후보,3,1,0,0,2,-2.0,31.118339416460756,-4.122312208545653,-1.428164416769288,0.029794932166353,🟢,0.3333333333333333,0.6666666666666666
2026-04-20,HYBRID_D0_RISK_FILTER,벨가드 안정후보,3,2,0,0,1,3.0,33.26389636367256,0.2806810103728481,10.168897550233472,9.49959189011967,🔴,0.6666666666666666,0.3333333333333333
2026-04-21,HYBRID_D0_RISK_FILTER,벨가드 안정후보,3,2,0,0,1,3.333333333333333,13.681903139656873,-5.922649329786268,4.136719738637521,4.2043393644169385,🟢,0.6666666666666666,0.3333333333333333
2026-04-22,HYBRID_D0_RISK_FILTER,벨가드 안정후보,3,1,0,0,2,3.333333333333333,9.102668343271906,-4.955754714818731,0.5509777951166769,2.15862406412289,🔴,0.3333333333333333,0.6666666666666666
2026-04-23,HYBRID_D0_RISK_FILTER,벨가드 안정후보,3,1,0,0,2,-2.0,12.333749534618676,-5.963712450433845,-2.001760726531369,-2.7448913730903115,🟢,0.3333333333333333,0.6666666666666666
2026-04-24,HYBRID_D0_RISK_FILTER,벨가드 안정후보,3,1,0,0,2,-6.0,3.0096956638836567,-6.798688118908498,-1.7293723189576784,-1.97326861750918,🟢,0.3333333333333333,0.6666666666666666
2026-04-27,HYBRID_D0_RISK_FILTER,벨가드 안정후보,3,0,0,0,3,-10.666666666666666,3.071172505017065,-11.3075656425561,-4.507611887747632,-5.260388144935742,🔴,0.0,1.0
2026-04-28,HYBRID_D0_RISK_FILTER,벨가드 안정후보,3,1,0,0,2,-1.3333333333333333,20.920969809017148,-3.3965221091531106,-0.8036178686129566,-0.7595174856131037,🔴,0.3333333333333333,0.6666666666666666
2026-04-29,HYBRID_D0_RISK_FILTER,벨가드 안정후보,3,2,0,0,1,1.3333333333333333,7.121853154782517,-3.673173988793895,0.4926958539261135,-0.5661472812651946,🟢,0.6666666666666666,0.3333333333333333
2026-04-30,HYBRID_D0_RISK_FILTER,벨가드 안정후보,3,3,0,0,0,5.333333333333333,13.314075437475893,-1.966422097283249,2.3333422804918498,1.9799654934379811,🟢,1.0,0.0
2026-05-04,HYBRID_D0_RISK_FILTER,벨가드 안정후보,3,2,0,0,1,0.6666666666666666,5.250585339014543,-4.420492306007591,-0.4454343185317491,0.3464084748294367,🟢,0.6666666666666666,0.3333333333333333
2026-05-06,HYBRID_D0_RISK_FILTER,벨가드 안정후보,3,1,0,0,2,1.3333333333333333,4.376724640602614,-4.751592508557145,-0.0814819767666027,-0.0144203060136405,🔴,0.3333333333333333,0.6666666666666666
2026-05-07,HYBRID_D0_RISK_FILTER,벨가드 안정후보,3,2,0,0,1,0.6666666666666666,12.91747651834015,-3.0248522886948384,-0.3694154420251154,-1.1621524430855843,🔴,0.6666666666666666,0.3333333333333333
2026-05-08,HYBRID_D0_RISK_FILTER,벨가드 안정후보,3,2,0,0,1,6.0,21.71767937038669,-1.8388889737185885,8.009200118160546,8.600070004275688,🔴,0.6666666666666666,0.3333333333333333
2026-05-11,HYBRID_D0_RISK_FILTER,벨가드 안정후보,3,2,0,0,1,0.0,3.157401871880642,-4.06922292883554,,,🟢,0.6666666666666666,0.3333333333333333
2026-05-12,HYBRID_D0_RISK_FILTER,벨가드 안정후보,3,1,0,0,2,1.3333333333333333,7.806334371754931,-4.043054557073245,3.012820512820502,4.10256410256411,🔴,0.3333333333333333,0.6666666666666666
2026-05-13,HYBRID_D0_RISK_FILTER,벨가드 안정후보,3,1,0,0,2,2.0,3.9133711704103216,-4.423163071664604,2.857831503260377,1.483303495156307,🔴,0.3333333333333333,0.6666666666666666
2026-05-14,HYBRID_D0_RISK_FILTER,벨가드 안정후보,3,0,0,0,3,-6.0,2.50429902929857,-6.297966970646377,-4.969686295857485,-2.557384527314636,🔴,0.0,1.0
